wallet_address,realized_profit,unrealized_profit,combined_profit,realized_roi,unrealized_roi,combined_roi,winrate,tokens_traded,average_traded_time
49mPtDTXMG1EhnDyWwwmXKFhQxMsKBP6QKWmKDayyyAw,"[{'1D': 591784.1160518463}, {'7D': 2343820.163806339}, {'30D': 30036576.649708774}]","[{'1D': 98.13488406379547}, {'7D': 98.13488406379547}, {'30D': -29366.688553828724}]","[{'1D': 591882.2509359102}, {'7D': 2343918.298690403}, {'30D': 30007209.961154945}]","[{'1D': ['realized_roi']}, {'7D': ['realized_roi']}, {'30D': ['realized_roi']}]","[{'1D': 496371.9143435574}, {'7D': 496330.29487524985}, {'30D': 365340.69236583955}]","[{'1D': 68.92082372840977}, {'7D': 72.74963409899908}, {'30D': 437.4099383408633}]","[{'1D': 100}, {'7D': 88.88888888888889}, {'30D': 95.65217391304348}]","[{'1D': 2}, {'7D': 9}, {'30D': 115}]","[{'1D': 1.1033913548012764}, {'7D': 1.1033913548012764}, {'30D': 1.1033913548012764}]"
BpbH22iGafkuHwgxGdgQ61zToDZ1nTpuMqoPLZDwg5qM,"[{'1D': 0}, {'7D': 38.93539249065222}, {'30D': 38.93539249065222}]","[{'1D': 0}, {'7D': 0}, {'30D': 0}]","[{'1D': 0}, {'7D': 38.93539249065222}, {'30D': 38.93539249065222}]","[{'1D': ['realized_roi']}, {'7D': ['realized_roi']}, {'30D': ['realized_roi']}]","[{'1D': 0}, {'7D': 0}, {'30D': 0}]","[{'1D': 0}, {'7D': 77.08139245195703}, {'30D': 77.08139245195703}]","[{'1D': 0}, {'7D': 100}, {'30D': 100}]","[{'1D': 0}, {'7D': 1}, {'30D': 1}]","[{'1D': 0.0029797979797979795}, {'7D': 0.0029797979797979795}, {'30D': 0.0029797979797979795}]"
Hi8kdZH1JcL2U8KR6GHTuokcLXp9pThRb6i7XnMUBZ8V,"[{'1D': 376.0512783673147}, {'7D': 2204.267900670699}, {'30D': 4928.9598331787965}]","[{'1D': -91.6104}, {'7D': -91.6104}, {'30D': -91.6104}]","[{'1D': 284.44087836731467}, {'7D': 2112.657500670699}, {'30D': 4837.349433178796}]","[{'1D': ['realized_roi']}, {'7D': ['realized_roi']}, {'30D': ['realized_roi']}]","[{'1D': 100}, {'7D': 100}, {'30D': 100}]","[{'1D': 55.35655262398983}, {'7D': 85.11725389201149}, {'30D': 72.42918070105068}]","[{'1D': 50}, {'7D': 76.92307692307693}, {'30D': 66.66666666666666}]","[{'1D': 2}, {'7D': 13}, {'30D': 24}]","[{'1D': 16.920491452991453}, {'7D': 16.920491452991453}, {'30D': 16.920491452991453}]"
4tBypz9CmC9tQDzkpJMk9gxFqVMziToA3V1BwoJsHwHp,"[{'1D': 0}, {'7D': -24.733619837659642}, {'30D': 5647.205276535595}]","[{'1D': 0}, {'7D': 0}, {'30D': 0}]","[{'1D': 0}, {'7D': -24.733619837659642}, {'30D': 5647.205276535595}]","[{'1D': ['realized_roi']}, {'7D': ['realized_roi']}, {'30D': ['realized_roi']}]","[{'1D': 0}, {'7D': 0}, {'30D': 0}]","[{'1D': 0}, {'7D': -100}, {'30D': 196.26136378399107}]","[{'1D': 0}, {'7D': 33.33333333333333}, {'30D': 80.95238095238095}]","[{'1D': 0}, {'7D': 6}, {'30D': 21}]","[{'1D': 0.05486531986531986}, {'7D': 0.05486531986531986}, {'30D': 0.05486531986531986}]"
2byf7P52NJuJdjf9bYDkEeicc9jUpbeoY8Y3ZZPYY7aH,"[{'1D': 0}, {'7D': 10130.798761431552}, {'30D': 14355.908706693497}]","[{'1D': 0}, {'7D': 0}, {'30D': 0}]","[{'1D': 0}, {'7D': 10130.798761431552}, {'30D': 14355.908706693497}]","[{'1D': ['realized_roi']}, {'7D': ['realized_roi']}, {'30D': ['realized_roi']}]","[{'1D': 0}, {'7D': 0}, {'30D': 0}]","[{'1D': 0}, {'7D': 267.7615375997317}, {'30D': 85.91307498009526}]","[{'1D': 0}, {'7D': 65}, {'30D': 69.81132075471697}]","[{'1D': 0}, {'7D': 20}, {'30D': 53}]","[{'1D': 0.2858991228070175}, {'7D': 0.2858991228070175}, {'30D': 0.2858991228070175}]"
9oG1nXv1r2FeUU9c2fE77br4LoQD3BUKvDF6hods8WSM,"[{'1D': 0}, {'7D': 0}, {'30D': -7.703304062499997}]","[{'1D': 0}, {'7D': 0}, {'30D': 0}]","[{'1D': 0}, {'7D': 0}, {'30D': -7.703304062499997}]","[{'1D': ['realized_roi']}, {'7D': ['realized_roi']}, {'30D': ['realized_roi']}]","[{'1D': 0}, {'7D': 0}, {'30D': 0}]","[{'1D': 0}, {'7D': 0}, {'30D': -100}]","[{'1D': 0}, {'7D': 0}, {'30D': 0}]","[{'1D': 0}, {'7D': 0}, {'30D': 1}]","[{'1D': 0.0034722222222222225}, {'7D': 0.0034722222222222225}, {'30D': 0.0034722222222222225}]"
9RV41TceTHfeWn62NfEFXANQC5WAGdmpeUcGdKRRqHoD,"[{'1D': 0}, {'7D': 8314.666235171213}, {'30D': 14925.050220410198}]","[{'1D': 0}, {'7D': 0}, {'30D': -6.045180988}]","[{'1D': 0}, {'7D': 8314.666235171213}, {'30D': 14919.005039422198}]","[{'1D': ['realized_roi']}, {'7D': ['realized_roi']}, {'30D': ['realized_roi']}]","[{'1D': 0}, {'7D': 0}, {'30D': 100}]","[{'1D': 0}, {'7D': 125.52981117353133}, {'30D': 56.585175273506636}]","[{'1D': 0}, {'7D': 68}, {'30D': 67.1875}]","[{'1D': 0}, {'7D': 25}, {'30D': 64}]","[{'1D': 0.3569500561167228}, {'7D': 0.3569500561167228}, {'30D': 0.3569500561167228}]"
GR82PEZoJx1pCxzJZyJjyJkcNoVXAQmeduymKsAJcJfV,"[{'1D': 0}, {'7D': 30697.57210293807}, {'30D': 33822.73353124488}]","[{'1D': 0}, {'7D': 0}, {'30D': 0}]","[{'1D': 0}, {'7D': 30697.57210293807}, {'30D': 33822.73353124488}]","[{'1D': ['realized_roi']}, {'7D': ['realized_roi']}, {'30D': ['realized_roi']}]","[{'1D': 0}, {'7D': 0}, {'30D': 0}]","[{'1D': 0}, {'7D': 152.34868451072498}, {'30D': 148.93984065644824}]","[{'1D': 0}, {'7D': 100}, {'30D': 100}]","[{'1D': 0}, {'7D': 42}, {'30D': 47}]","[{'1D': 0.060904255319148934}, {'7D': 0.060904255319148934}, {'30D': 0.060904255319148934}]"
7jNYqWXAGuzW1n5BBLgJ2shV4rnzoiBmtxyHsf4WtLhv,"[{'1D': 0}, {'7D': 6.436211037388674}, {'30D': 2785.806072259934}]","[{'1D': 0}, {'7D': 0}, {'30D': 28.35249788396471}]","[{'1D': 0}, {'7D': 6.436211037388674}, {'30D': 2814.1585701438985}]","[{'1D': ['realized_roi']}, {'7D': ['realized_roi']}, {'30D': ['realized_roi']}]","[{'1D': 0}, {'7D': 0}, {'30D': 41.380207925413806}]","[{'1D': 0}, {'7D': 98.60212364368623}, {'30D': 77.5997069746476}]","[{'1D': 0}, {'7D': 66.66666666666666}, {'30D': 73.68421052631578}]","[{'1D': 0}, {'7D': 6}, {'30D': 19}]","[{'1D': 0.0797123015873016}, {'7D': 0.0797123015873016}, {'30D': 0.0797123015873016}]"
CPS88d75AnNoN7e6bMaAeFFjAnSFcfhhTaeHFL2nigbe,"[{'1D': 18.52270120617732}, {'7D': 4414.288147666722}, {'30D': 40523.71754974102}]","[{'1D': 0}, {'7D': 12741.027193648748}, {'30D': 12741.027229882871}]","[{'1D': 18.52270120617732}, {'7D': 17155.315341315465}, {'30D': 53264.744779623885}]","[{'1D': ['realized_roi']}, {'7D': ['realized_roi']}, {'30D': ['realized_roi']}]","[{'1D': 0}, {'7D': 371.62922022858066}, {'30D': 371.62921621119807}]","[{'1D': 79.50551334891442}, {'7D': 51.09535955155765}, {'30D': 315.89793162653035}]","[{'1D': 100}, {'7D': 83.33333333333334}, {'30D': 85.71428571428571}]","[{'1D': 1}, {'7D': 18}, {'30D': 21}]","[{'1D': 53.61922514619883}, {'7D': 53.61922514619883}, {'30D': 53.61922514619883}]"
87H52ed3uTNUSRG559YqFMoihy6mL6DySyxKMDTrprpM,"[{'1D': 0}, {'7D': 29.22163242535492}, {'30D': 4550.687335261473}]","[{'1D': 0}, {'7D': 0}, {'30D': -165.33120725481646}]","[{'1D': 0}, {'7D': 29.22163242535492}, {'30D': 4385.356128006656}]","[{'1D': ['realized_roi']}, {'7D': ['realized_roi']}, {'30D': ['realized_roi']}]","[{'1D': 0}, {'7D': 0}, {'30D': 93.73580182266497}]","[{'1D': 0}, {'7D': 90.87890165710253}, {'30D': 146.4538662844869}]","[{'1D': 0}, {'7D': 50}, {'30D': 75}]","[{'1D': 0}, {'7D': 4}, {'30D': 20}]","[{'1D': 0.059377104377104375}, {'7D': 0.059377104377104375}, {'30D': 0.059377104377104375}]"
8tFPLVNj7tAtd8DBk4nLYTvXF5iPh9kvnVVV7pQPuG9v,"[{'1D': 1465.3176489848172}, {'7D': 1975.5878022624784}, {'30D': 6653.695387861376}]","[{'1D': 0}, {'7D': 0}, {'30D': 0}]","[{'1D': 1465.3176489848172}, {'7D': 1975.5878022624784}, {'30D': 6653.695387861376}]","[{'1D': ['realized_roi']}, {'7D': ['realized_roi']}, {'30D': ['realized_roi']}]","[{'1D': 0}, {'7D': 0}, {'30D': 0}]","[{'1D': 15.735472327890227}, {'7D': 52.95759313714963}, {'30D': 8.727795460194825}]","[{'1D': 100}, {'7D': 77.77777777777779}, {'30D': 70}]","[{'1D': 3}, {'7D': 9}, {'30D': 20}]","[{'1D': 7.0952947413061915}, {'7D': 7.0952947413061915}, {'30D': 7.0952947413061915}]"
Bw1Yxqvd1g969SgpdjAA1S6Ndc98mVzzSc3LuzQv3E5A,"[{'1D': 0}, {'7D': 0}, {'30D': -5.119881562971152}]","[{'1D': 0}, {'7D': 0}, {'30D': 0}]","[{'1D': 0}, {'7D': 0}, {'30D': -5.119881562971152}]","[{'1D': ['realized_roi']}, {'7D': ['realized_roi']}, {'30D': ['realized_roi']}]","[{'1D': 0}, {'7D': 0}, {'30D': 0}]","[{'1D': 0}, {'7D': 0}, {'30D': -100}]","[{'1D': 0}, {'7D': 0}, {'30D': 0}]","[{'1D': 0}, {'7D': 0}, {'30D': 1}]","[{'1D': 0.008166666666666666}, {'7D': 0.008166666666666666}, {'30D': 0.008166666666666666}]"
HCP6GXESKWbJR8CtNLc39LzFSLyh67RnqfvdwMuL6y4w,"[{'1D': 0}, {'7D': 26.136529944626176}, {'30D': 1941.6992798243118}]","[{'1D': 0}, {'7D': 0}, {'30D': -311.15518586605}]","[{'1D': 0}, {'7D': 26.136529944626176}, {'30D': 1630.544093958262}]","[{'1D': ['realized_roi']}, {'7D': ['realized_roi']}, {'30D': ['realized_roi']}]","[{'1D': 0}, {'7D': 0}, {'30D': 89.21049448237828}]","[{'1D': 0}, {'7D': 99.25673277153642}, {'30D': 95.78964749202248}]","[{'1D': 0}, {'7D': 44.44444444444444}, {'30D': 65.21739130434783}]","[{'1D': 0}, {'7D': 9}, {'30D': 23}]","[{'1D': 1.3434841269841271}, {'7D': 1.3434841269841271}, {'30D': 1.3434841269841271}]"
B9r6LwaixWL7VB9eSuJb48VWTHjYyhxcHy6a86LAWzzz,"[{'1D': 0}, {'7D': 641.474324836108}, {'30D': 14575.662621572159}]","[{'1D': 0}, {'7D': 0}, {'30D': 32.98146711251516}]","[{'1D': 0}, {'7D': 641.474324836108}, {'30D': 14608.644088684674}]","[{'1D': ['realized_roi']}, {'7D': ['realized_roi']}, {'30D': ['realized_roi']}]","[{'1D': 0}, {'7D': 0}, {'30D': 93.83298759640186}]","[{'1D': 0}, {'7D': 79.16182532018114}, {'30D': 67.91493331182977}]","[{'1D': 0}, {'7D': 76.92307692307693}, {'30D': 78.57142857142857}]","[{'1D': 0}, {'7D': 13}, {'30D': 28}]","[{'1D': 7.188526041666666}, {'7D': 7.188526041666666}, {'30D': 7.188526041666666}]"
BbS7e412soMUG4HBrJuhmXRcYxiaj5ereVwKayHCNCnU,"[{'1D': 0}, {'7D': 70.67663245956305}, {'30D': 2872.7473784661292}]","[{'1D': 0}, {'7D': 0}, {'30D': -112.20810862896819}]","[{'1D': 0}, {'7D': 70.67663245956305}, {'30D': 2760.539269837161}]","[{'1D': ['realized_roi']}, {'7D': ['realized_roi']}, {'30D': ['realized_roi']}]","[{'1D': 0}, {'7D': 0}, {'30D': 69.4272139349566}]","[{'1D': 0}, {'7D': 87.22184057343536}, {'30D': 36.45432156734089}]","[{'1D': 0}, {'7D': 42.857142857142854}, {'30D': 60.86956521739131}]","[{'1D': 0}, {'7D': 7}, {'30D': 23}]","[{'1D': 0.07040849673202615}, {'7D': 0.07040849673202615}, {'30D': 0.07040849673202615}]"
9fyWjivPc52RC67Q1vuiPSTZvsLQSPrqTnjcQei2EPdP,"[{'1D': 0}, {'7D': 0}, {'30D': -46.046064069933955}]","[{'1D': 0}, {'7D': 0}, {'30D': 0}]","[{'1D': 0}, {'7D': 0}, {'30D': -46.046064069933955}]","[{'1D': ['realized_roi']}, {'7D': ['realized_roi']}, {'30D': ['realized_roi']}]","[{'1D': 0}, {'7D': 0}, {'30D': 0}]","[{'1D': 0}, {'7D': 0}, {'30D': -100}]","[{'1D': 0}, {'7D': 0}, {'30D': 0}]","[{'1D': 0}, {'7D': 0}, {'30D': 2}]","[{'1D': 0.0036507936507936506}, {'7D': 0.0036507936507936506}, {'30D': 0.0036507936507936506}]"
24J4vjL4A9pGmCnEGi24bx3eYZpbN2YGBG96vwZZxUux,"[{'1D': -93.52108632959998}, {'7D': -259.71233032260403}, {'30D': 9098.27491011224}]","[{'1D': 0}, {'7D': 0}, {'30D': 0}]","[{'1D': -93.52108632959998}, {'7D': -259.71233032260403}, {'30D': 9098.27491011224}]","[{'1D': ['realized_roi']}, {'7D': ['realized_roi']}, {'30D': ['realized_roi']}]","[{'1D': 0}, {'7D': 0}, {'30D': 0}]","[{'1D': -100}, {'7D': -100}, {'30D': 71.944926558854}]","[{'1D': 0}, {'7D': 37.5}, {'30D': 50}]","[{'1D': 1}, {'7D': 8}, {'30D': 22}]","[{'1D': 0.12188034188034187}, {'7D': 0.12188034188034187}, {'30D': 0.12188034188034187}]"
CUaECAFiEAUKdpmmXPVQKPVVFEpqtkjn5sx77mwF9nyz,"[{'1D': 0}, {'7D': 793.3243239265399}, {'30D': 7557.732846469255}]","[{'1D': 0}, {'7D': -79.22114985189565}, {'30D': -79.22114985189565}]","[{'1D': 0}, {'7D': 714.1031740746442}, {'30D': 7478.511696617359}]","[{'1D': ['realized_roi']}, {'7D': ['realized_roi']}, {'30D': ['realized_roi']}]","[{'1D': 0}, {'7D': 97.52696030025317}, {'30D': 97.52696030025317}]","[{'1D': 0}, {'7D': 63.28586610132469}, {'30D': 96.2649013756878}]","[{'1D': 0}, {'7D': 50}, {'30D': 78.26086956521739}]","[{'1D': 0}, {'7D': 2}, {'30D': 23}]","[{'1D': 6.7647870370370375}, {'7D': 6.7647870370370375}, {'30D': 6.7647870370370375}]"
5AgKA77qJefctBLZKiAm3ENiHRurhZkkxRYdmnZgebos,"[{'1D': 298.1389096317953}, {'7D': 4632.944978463623}, {'30D': 26911.017899512113}]","[{'1D': 0}, {'7D': 0}, {'30D': 15.21810510053254}]","[{'1D': 298.1389096317953}, {'7D': 4632.944978463623}, {'30D': 26926.236004612645}]","[{'1D': ['realized_roi']}, {'7D': ['realized_roi']}, {'30D': ['realized_roi']}]","[{'1D': 0}, {'7D': 0}, {'30D': 42.41984490016034}]","[{'1D': 68.82102223841123}, {'7D': 12.561563474357051}, {'30D': 78.80994993481252}]","[{'1D': 75}, {'7D': 83.33333333333334}, {'30D': 87.5}]","[{'1D': 4}, {'7D': 30}, {'30D': 64}]","[{'1D': 1.7471489898989898}, {'7D': 1.7471489898989898}, {'30D': 1.7471489898989898}]"
96JBEVe3ECZ48RmvDGvvozjyUKZd6uqsvARrAd5uvKoz,"[{'1D': 0}, {'7D': 573.4605702823451}, {'30D': 10075.118834402405}]","[{'1D': 0}, {'7D': 2.271881759411327e-06}, {'30D': -346.4026943791001}]","[{'1D': 0}, {'7D': 573.4605725542269}, {'30D': 9728.716140023305}]","[{'1D': ['realized_roi']}, {'7D': ['realized_roi']}, {'30D': ['realized_roi']}]","[{'1D': 0}, {'7D': 14.446503997985637}, {'30D': 99.99999753158119}]","[{'1D': 0}, {'7D': 38.826887344800745}, {'30D': 81.42933832346532}]","[{'1D': 0}, {'7D': 100}, {'30D': 71.42857142857143}]","[{'1D': 0}, {'7D': 5}, {'30D': 21}]","[{'1D': 19.579078726968174}, {'7D': 19.579078726968174}, {'30D': 19.579078726968174}]"
E7Vpwi8ys3iRf2gyVtXLxA8K2CxrtCR2bD2igzR4gWWa,"[{'1D': 0}, {'7D': 115.26539246669569}, {'30D': 3901.879934510586}]","[{'1D': 0}, {'7D': 0}, {'30D': 25.78468315121539}]","[{'1D': 0}, {'7D': 115.26539246669569}, {'30D': 3927.6646176618015}]","[{'1D': ['realized_roi']}, {'7D': ['realized_roi']}, {'30D': ['realized_roi']}]","[{'1D': 0}, {'7D': 0}, {'30D': 44.53148591026862}]","[{'1D': 0}, {'7D': 74.76169511581121}, {'30D': 85.07896857048294}]","[{'1D': 0}, {'7D': 60}, {'30D': 72.72727272727273}]","[{'1D': 0}, {'7D': 5}, {'30D': 22}]","[{'1D': 0.06799283154121864}, {'7D': 0.06799283154121864}, {'30D': 0.06799283154121864}]"
47eS2U1tVVqJBtj8oU2f5Nk7ydxKWn6bHRQULfgC29oy,"[{'1D': 0}, {'7D': 649.632727119382}, {'30D': 4369.5354931723905}]","[{'1D': 0}, {'7D': 0}, {'30D': -167.06912688178505}]","[{'1D': 0}, {'7D': 649.632727119382}, {'30D': 4202.466366290605}]","[{'1D': ['realized_roi']}, {'7D': ['realized_roi']}, {'30D': ['realized_roi']}]","[{'1D': 0}, {'7D': 0}, {'30D': 94.72112874576769}]","[{'1D': 0}, {'7D': 6.989798651148588}, {'30D': 91.05984527148952}]","[{'1D': 0}, {'7D': 50}, {'30D': 64}]","[{'1D': 0}, {'7D': 8}, {'30D': 25}]","[{'1D': 0.07628787878787878}, {'7D': 0.07628787878787878}, {'30D': 0.07628787878787878}]"
AtzQ5SKksBn1qmXrcyYupAu6ee9QuNHwPkjMugZkUAhT,"[{'1D': 173.50028774882898}, {'7D': 5756.629743448316}, {'30D': 17894.659376075433}]","[{'1D': 0}, {'7D': 0}, {'30D': 0}]","[{'1D': 173.50028774882898}, {'7D': 5756.629743448316}, {'30D': 17894.659376075433}]","[{'1D': ['realized_roi']}, {'7D': ['realized_roi']}, {'30D': ['realized_roi']}]","[{'1D': 0}, {'7D': 0}, {'30D': 0}]","[{'1D': 72.78113042475084}, {'7D': 28.298519557212458}, {'30D': 65.3702040435513}]","[{'1D': 75}, {'7D': 86.36363636363636}, {'30D': 90.19607843137256}]","[{'1D': 4}, {'7D': 22}, {'30D': 51}]","[{'1D': 0.5779098915989159}, {'7D': 0.5779098915989159}, {'30D': 0.5779098915989159}]"
9tYbmUiSc7YQnmfwPCK4vmaADKUA6tZf1RgD12iukt6a,"[{'1D': 0}, {'7D': 20394.481834205726}, {'30D': 26744.75503593166}]","[{'1D': 0}, {'7D': 0}, {'30D': 0}]","[{'1D': 0}, {'7D': 20394.481834205726}, {'30D': 26744.75503593166}]","[{'1D': ['realized_roi']}, {'7D': ['realized_roi']}, {'30D': ['realized_roi']}]","[{'1D': 0}, {'7D': 0}, {'30D': 0}]","[{'1D': 0}, {'7D': 575.0684336834942}, {'30D': 52.08147847941332}]","[{'1D': 0}, {'7D': 70}, {'30D': 66.19718309859155}]","[{'1D': 0}, {'7D': 20}, {'30D': 71}]","[{'1D': 0.7402836879432625}, {'7D': 0.7402836879432625}, {'30D': 0.7402836879432625}]"
3HcE13Tk68jARMXyckdL4Zh2ajHHq6tiAxbLtZuTdHgP,"[{'1D': 0}, {'7D': 247.34734530362044}, {'30D': 12724.636123371632}]","[{'1D': 0}, {'7D': 0}, {'30D': 0}]","[{'1D': 0}, {'7D': 247.34734530362044}, {'30D': 12724.636123371632}]","[{'1D': ['realized_roi']}, {'7D': ['realized_roi']}, {'30D': ['realized_roi']}]","[{'1D': 0}, {'7D': 0}, {'30D': 0}]","[{'1D': 0}, {'7D': 95.29197529121458}, {'30D': 85.1665625000723}]","[{'1D': 0}, {'7D': 70.58823529411765}, {'30D': 79.16666666666666}]","[{'1D': 0}, {'7D': 17}, {'30D': 24}]","[{'1D': 7.827458407605466}, {'7D': 7.827458407605466}, {'30D': 7.827458407605466}]"
HQrvC7SxjxE2UgCTZEmkpLJppk1njtVKVyKZh97AXqru,"[{'1D': 0}, {'7D': 674.5475115250867}, {'30D': 3449.928715325595}]","[{'1D': 0}, {'7D': -126.86000069182239}, {'30D': -293.70707539793744}]","[{'1D': 0}, {'7D': 547.6875108332644}, {'30D': 3156.2216399276576}]","[{'1D': ['realized_roi']}, {'7D': ['realized_roi']}, {'30D': ['realized_roi']}]","[{'1D': 0}, {'7D': 63.634904739171326}, {'30D': 78.16846812600801}]","[{'1D': 0}, {'7D': 1.663420126067696}, {'30D': 64.4003551514934}]","[{'1D': 0}, {'7D': 42.857142857142854}, {'30D': 59.09090909090909}]","[{'1D': 0}, {'7D': 7}, {'30D': 22}]","[{'1D': 0.07283854166666666}, {'7D': 0.07283854166666666}, {'30D': 0.07283854166666666}]"
E96L6UYCC5A2aXtsJb7v6joEZryrGy44JCoKD4n3ySEi,"[{'1D': 235.3474784100065}, {'7D': 5840.731616938591}, {'30D': 24129.346780016796}]","[{'1D': 5523.680816662207}, {'7D': 5586.367919415292}, {'30D': 5612.646086614356}]","[{'1D': 5759.028295072214}, {'7D': 11427.099536353882}, {'30D': 29741.992866631153}]","[{'1D': ['realized_roi']}, {'7D': ['realized_roi']}, {'30D': ['realized_roi']}]","[{'1D': 891.0558829266772}, {'7D': 282.32059673377245}, {'30D': 245.14328222793878}]","[{'1D': 1654.7377272879437}, {'7D': 100.75912081695297}, {'30D': 134.48675670102327}]","[{'1D': 50}, {'7D': 78.57142857142857}, {'30D': 66.66666666666666}]","[{'1D': 2}, {'7D': 14}, {'30D': 21}]","[{'1D': 5.281402116402116}, {'7D': 5.281402116402116}, {'30D': 5.281402116402116}]"
FPGku7yDptbuA6o9gnHAiSoh5faoTxm6vefkyrzM7AUV,"[{'1D': 0}, {'7D': 711.1552023009573}, {'30D': 8847.325762239923}]","[{'1D': 0}, {'7D': 0}, {'30D': 0}]","[{'1D': 0}, {'7D': 711.1552023009573}, {'30D': 8847.325762239923}]","[{'1D': ['realized_roi']}, {'7D': ['realized_roi']}, {'30D': ['realized_roi']}]","[{'1D': 0}, {'7D': 0}, {'30D': 0}]","[{'1D': 0}, {'7D': 86.24833962869337}, {'30D': 57.67362943705475}]","[{'1D': 0}, {'7D': 57.89473684210527}, {'30D': 63.63636363636363}]","[{'1D': 0}, {'7D': 19}, {'30D': 22}]","[{'1D': 4.507706033848418}, {'7D': 4.507706033848418}, {'30D': 4.507706033848418}]"
D2qsKHgCxtbCYnDFpkoojtewnmNUReiDdrt8MFguzwe3,"[{'1D': 0}, {'7D': 0}, {'30D': -5.1953661614073425}]","[{'1D': 0}, {'7D': 0}, {'30D': 0}]","[{'1D': 0}, {'7D': 0}, {'30D': -5.1953661614073425}]","[{'1D': ['realized_roi']}, {'7D': ['realized_roi']}, {'30D': ['realized_roi']}]","[{'1D': 0}, {'7D': 0}, {'30D': 0}]","[{'1D': 0}, {'7D': 0}, {'30D': -100}]","[{'1D': 0}, {'7D': 0}, {'30D': 0}]","[{'1D': 0}, {'7D': 0}, {'30D': 1}]","[{'1D': 0.004007936507936508}, {'7D': 0.004007936507936508}, {'30D': 0.004007936507936508}]"
11fYoCmgnzBig5MWQM1gru75SiT6pi73rJyfE4fq5cs,"[{'1D': 0}, {'7D': 36.45475248367672}, {'30D': 3190.4338614800577}]","[{'1D': 0}, {'7D': -227.42133628237298}, {'30D': -209.4313333468632}]","[{'1D': 0}, {'7D': -190.9665837986963}, {'30D': 2981.0025281331946}]","[{'1D': ['realized_roi']}, {'7D': ['realized_roi']}, {'30D': ['realized_roi']}]","[{'1D': 0}, {'7D': 69.99643787668323}, {'30D': 67.71780925669412}]","[{'1D': 0}, {'7D': -100}, {'30D': 76.84402712897321}]","[{'1D': 0}, {'7D': 50}, {'30D': 63.1578947368421}]","[{'1D': 0}, {'7D': 6}, {'30D': 19}]","[{'1D': 0.08328703703703703}, {'7D': 0.08328703703703703}, {'30D': 0.08328703703703703}]"
DDVv6QrA6ngXH5HfiyfKTfpUScexHomuwLz5pVQXmHD2,"[{'1D': 0}, {'7D': 134.3138823930974}, {'30D': 3342.116374868711}]","[{'1D': 0}, {'7D': 0}, {'30D': 80.53202609394265}]","[{'1D': 0}, {'7D': 134.3138823930974}, {'30D': 3422.648400962654}]","[{'1D': ['realized_roi']}, {'7D': ['realized_roi']}, {'30D': ['realized_roi']}]","[{'1D': 0}, {'7D': 0}, {'30D': 43.39309928100602}]","[{'1D': 0}, {'7D': 74.56334577288712}, {'30D': 61.30053739629398}]","[{'1D': 0}, {'7D': 57.14285714285714}, {'30D': 63.63636363636363}]","[{'1D': 0}, {'7D': 7}, {'30D': 22}]","[{'1D': 0.07665798611111112}, {'7D': 0.07665798611111112}, {'30D': 0.07665798611111112}]"
DRXJy9urD8BqW1hdc2zCXfVsMyqgk7Mmu984skyAwKUQ,"[{'1D': 0}, {'7D': 1589.6275393533128}, {'30D': 3894.621436919812}]","[{'1D': 0}, {'7D': -37.99551329732141}, {'30D': -37.99545307977364}]","[{'1D': 0}, {'7D': 1551.6320260559914}, {'30D': 3856.6259838400383}]","[{'1D': ['realized_roi']}, {'7D': ['realized_roi']}, {'30D': ['realized_roi']}]","[{'1D': 0}, {'7D': 95.00067005017746}, {'30D': 94.94295436404231}]","[{'1D': 0}, {'7D': 78.76131681573104}, {'30D': 84.33802361723134}]","[{'1D': 0}, {'7D': 75}, {'30D': 58.333333333333336}]","[{'1D': 0}, {'7D': 4}, {'30D': 60}]","[{'1D': 39.06556573589296}, {'7D': 39.06556573589296}, {'30D': 39.06556573589296}]"
27w4YZxrcuvKPGqyRWttT5qhtTiAhHxv5x8ecjff7pHK,"[{'1D': 2130.5339511586462}, {'7D': 16321.113662746535}, {'30D': 16321.113662746535}]","[{'1D': 0}, {'7D': 0}, {'30D': 0}]","[{'1D': 2130.5339511586462}, {'7D': 16321.113662746535}, {'30D': 16321.113662746535}]","[{'1D': ['realized_roi']}, {'7D': ['realized_roi']}, {'30D': ['realized_roi']}]","[{'1D': 0}, {'7D': 0}, {'30D': 0}]","[{'1D': 62.66072999512402}, {'7D': 18.955099397366492}, {'30D': 18.955099397366492}]","[{'1D': 66.66666666666666}, {'7D': 71.73913043478261}, {'30D': 71.73913043478261}]","[{'1D': 12}, {'7D': 46}, {'30D': 46}]","[{'1D': 0.28675925925925927}, {'7D': 0.28675925925925927}, {'30D': 0.28675925925925927}]"
35xkS5DWkjiXXkbMpatgTsCeddHYYwgAGsKDVVD8eKAR,"[{'1D': -121.89430050590539}, {'7D': 2288.572505206061}, {'30D': 5556.980030611429}]","[{'1D': 0}, {'7D': 0}, {'30D': 0}]","[{'1D': -121.89430050590539}, {'7D': 2288.572505206061}, {'30D': 5556.980030611429}]","[{'1D': ['realized_roi']}, {'7D': ['realized_roi']}, {'30D': ['realized_roi']}]","[{'1D': 0}, {'7D': 0}, {'30D': 0}]","[{'1D': -100}, {'7D': 26.1676797807789}, {'30D': 12.193669255720922}]","[{'1D': 25}, {'7D': 42.857142857142854}, {'30D': 52}]","[{'1D': 4}, {'7D': 14}, {'30D': 25}]","[{'1D': 9.44225018037518}, {'7D': 9.44225018037518}, {'30D': 9.44225018037518}]"
FvZnCE4C5varLSm3xoErfEsgEpTZar9bfwjCawBXFY3n,"[{'1D': 0}, {'7D': 2129.022911505522}, {'30D': 11578.704275010083}]","[{'1D': 0}, {'7D': 0}, {'30D': 0.26141103072480115}]","[{'1D': 0}, {'7D': 2129.022911505522}, {'30D': 11578.965686040807}]","[{'1D': ['realized_roi']}, {'7D': ['realized_roi']}, {'30D': ['realized_roi']}]","[{'1D': 0}, {'7D': 0}, {'30D': 98.56049021806874}]","[{'1D': 0}, {'7D': 50.99873076994058}, {'30D': 11.037700980720713}]","[{'1D': 0}, {'7D': 82.35294117647058}, {'30D': 73.80952380952381}]","[{'1D': 0}, {'7D': 17}, {'30D': 42}]","[{'1D': 0.36964831804281345}, {'7D': 0.36964831804281345}, {'30D': 0.36964831804281345}]"
7wfGF9raZGwHsAgVdkhY2dqiv4ZKaC4Prvs799eEQTap,"[{'1D': 0}, {'7D': -53.511564404347126}, {'30D': 3421.374583943366}]","[{'1D': 0}, {'7D': 0}, {'30D': 0}]","[{'1D': 0}, {'7D': -53.511564404347126}, {'30D': 3421.374583943366}]","[{'1D': ['realized_roi']}, {'7D': ['realized_roi']}, {'30D': ['realized_roi']}]","[{'1D': 0}, {'7D': 0}, {'30D': 0}]","[{'1D': 0}, {'7D': -100}, {'30D': 49.87380908403728}]","[{'1D': 0}, {'7D': 57.14285714285714}, {'30D': 58.333333333333336}]","[{'1D': 0}, {'7D': 7}, {'30D': 24}]","[{'1D': 0.082734375}, {'7D': 0.082734375}, {'30D': 0.082734375}]"
AGTY88iTUGs66jhYAZbuaUn3gSdrF8szNhUeXDUvrX3m,"[{'1D': -45.29331604631999}, {'7D': 362.80357044860244}, {'30D': -512.977148390093}]","[{'1D': 0}, {'7D': 0}, {'30D': 0}]","[{'1D': -45.29331604631999}, {'7D': 362.80357044860244}, {'30D': -512.977148390093}]","[{'1D': ['realized_roi']}, {'7D': ['realized_roi']}, {'30D': ['realized_roi']}]","[{'1D': 0}, {'7D': 0}, {'30D': 0}]","[{'1D': -100}, {'7D': 96.37614454632697}, {'30D': -100}]","[{'1D': 33.33333333333333}, {'7D': 55.10204081632652}, {'30D': 53.76344086021505}]","[{'1D': 3}, {'7D': 49}, {'30D': 93}]","[{'1D': 25.617200744558993}, {'7D': 25.617200744558993}, {'30D': 25.617200744558993}]"
AxHrZRSv4VmvTy3pg36FKcU7eopvCDWSq8j6gGrKE5e1,"[{'1D': 0}, {'7D': 21842.980600940165}, {'30D': 37855.844497807484}]","[{'1D': 1428.254332430165}, {'7D': -886.4231904945914}, {'30D': 7052.745167213387}]","[{'1D': 1428.254332430165}, {'7D': 20956.557410445574}, {'30D': 44908.589665020874}]","[{'1D': ['realized_roi']}, {'7D': ['realized_roi']}, {'30D': ['realized_roi']}]","[{'1D': 46.53591962402239}, {'7D': 9.685311794287346}, {'30D': 46.88792209970912}]","[{'1D': 100}, {'7D': 223.4182528746639}, {'30D': 181.6006513566335}]","[{'1D': 0}, {'7D': 23.076923076923077}, {'30D': 48.484848484848484}]","[{'1D': 3}, {'7D': 13}, {'30D': 33}]","[{'1D': 56.333933333333334}, {'7D': 56.333933333333334}, {'30D': 56.333933333333334}]"
7NDjqdRaYmzwyS7pc8d82G4xS89iaM3YJ21gwjx9Sgso,"[{'1D': 0}, {'7D': 8821.763180538515}, {'30D': 13645.016144636089}]","[{'1D': 0}, {'7D': 0}, {'30D': 0}]","[{'1D': 0}, {'7D': 8821.763180538515}, {'30D': 13645.016144636089}]","[{'1D': ['realized_roi']}, {'7D': ['realized_roi']}, {'30D': ['realized_roi']}]","[{'1D': 0}, {'7D': 0}, {'30D': 0}]","[{'1D': 0}, {'7D': 7.719300685084709}, {'30D': 27.836135785658}]","[{'1D': 0}, {'7D': 77.77777777777779}, {'30D': 78.84615384615384}]","[{'1D': 0}, {'7D': 45}, {'30D': 52}]","[{'1D': 0.37565373563218396}, {'7D': 0.37565373563218396}, {'30D': 0.37565373563218396}]"
8zkprcTsCVG2VmrkAEE8RDCGcWERDwCHKZqvxvWXHL4R,"[{'1D': 0}, {'7D': -115.71276554036288}, {'30D': 3319.339228407695}]","[{'1D': 0}, {'7D': -96.86982119017952}, {'30D': -96.86982119017952}]","[{'1D': 0}, {'7D': -212.5825867305424}, {'30D': 3222.4694072175153}]","[{'1D': ['realized_roi']}, {'7D': ['realized_roi']}, {'30D': ['realized_roi']}]","[{'1D': 0}, {'7D': 58.309649786419996}, {'30D': 58.309649786419996}]","[{'1D': 0}, {'7D': -100}, {'30D': 57.71742064270805}]","[{'1D': 0}, {'7D': 28.57142857142857}, {'30D': 52.17391304347826}]","[{'1D': 0}, {'7D': 7}, {'30D': 23}]","[{'1D': 0.08090501792114696}, {'7D': 0.08090501792114696}, {'30D': 0.08090501792114696}]"
7BJk376WuRbWZ7DJRnxyJoYwwh5p6XAV3gySChMMQ4pi,"[{'1D': 61.210390049528705}, {'7D': 627.6631578985769}, {'30D': 3432.335910657167}]","[{'1D': 0}, {'7D': 0}, {'30D': 0}]","[{'1D': 61.210390049528705}, {'7D': 627.6631578985769}, {'30D': 3432.335910657167}]","[{'1D': ['realized_roi']}, {'7D': ['realized_roi']}, {'30D': ['realized_roi']}]","[{'1D': 0}, {'7D': 0}, {'30D': 0}]","[{'1D': 18.491026654681626}, {'7D': 59.724823667084095}, {'30D': 30.932070099464987}]","[{'1D': 100}, {'7D': 70.58823529411765}, {'30D': 80.64516129032258}]","[{'1D': 1}, {'7D': 17}, {'30D': 31}]","[{'1D': 0.01561499272197962}, {'7D': 0.01561499272197962}, {'30D': 0.01561499272197962}]"
39ZQDxFVyVywufmewTV1deqTorteS4t4p9WgDqPrfWJR,"[{'1D': 0}, {'7D': -366.9640461236497}, {'30D': 234783.770645466}]","[{'1D': -504.67935237344136}, {'7D': 3248.084770276492}, {'30D': -772.0424370834307}]","[{'1D': -504.67935237344136}, {'7D': 2881.1207241528423}, {'30D': 234011.72820838258}]","[{'1D': ['realized_roi']}, {'7D': ['realized_roi']}, {'30D': ['realized_roi']}]","[{'1D': 6.402993491924781}, {'7D': 14.081742807388151}, {'30D': 10.8528134473773}]","[{'1D': -100}, {'7D': 64.66190034525813}, {'30D': 121.1840979684326}]","[{'1D': 0}, {'7D': 50}, {'30D': 66.66666666666666}]","[{'1D': 1}, {'7D': 4}, {'30D': 21}]","[{'1D': 11.320284810126584}, {'7D': 11.320284810126584}, {'30D': 11.320284810126584}]"
5UUNcH7BtdbgrzpNRpb7g6gGNndmsfQuLrTCSgBJrP2t,"[{'1D': 39.29882649442134}, {'7D': 670.0014536759679}, {'30D': 3218.060094867651}]","[{'1D': 0}, {'7D': 0}, {'30D': 0}]","[{'1D': 39.29882649442134}, {'7D': 670.0014536759679}, {'30D': 3218.060094867651}]","[{'1D': ['realized_roi']}, {'7D': ['realized_roi']}, {'30D': ['realized_roi']}]","[{'1D': 0}, {'7D': 0}, {'30D': 0}]","[{'1D': 62.25331539773943}, {'7D': 57.09671030080615}, {'30D': 22.98040097038253}]","[{'1D': 100}, {'7D': 72.22222222222221}, {'30D': 71.875}]","[{'1D': 1}, {'7D': 18}, {'30D': 32}]","[{'1D': 0.01488988988988989}, {'7D': 0.01488988988988989}, {'30D': 0.01488988988988989}]"
7DBooNLv7qUQJU4V62grmcZcUaikBBsHDwjkBSJsbZcG,"[{'1D': 10862.584620008742}, {'7D': 39740.4347476632}, {'30D': 39740.4347476632}]","[{'1D': -17.26163045548617}, {'7D': -17.26163045548617}, {'30D': -17.26163045548617}]","[{'1D': 10845.322989553255}, {'7D': 39723.17311720772}, {'30D': 39723.17311720772}]","[{'1D': ['realized_roi']}, {'7D': ['realized_roi']}, {'30D': ['realized_roi']}]","[{'1D': 2.958511980839389}, {'7D': 2.958511980839389}, {'30D': 2.958511980839389}]","[{'1D': 57.29693690225053}, {'7D': 62.35364421577927}, {'30D': 62.35364421577927}]","[{'1D': 57.89473684210527}, {'7D': 50.72463768115942}, {'30D': 50.72463768115942}]","[{'1D': 19}, {'7D': 69}, {'30D': 69}]","[{'1D': 0.02819164802386279}, {'7D': 0.02819164802386279}, {'30D': 0.02819164802386279}]"
HeQK4qHdFgmmWMZxL8yigAUqZbA2Y9CC7eFihNML5VwW,"[{'1D': -2785.1366414577105}, {'7D': 34959.40852594658}, {'30D': 159983.28319151304}]","[{'1D': -7159.575148499516}, {'7D': -7131.832620572897}, {'30D': -9815.258412137817}]","[{'1D': -9944.711789957226}, {'7D': 27827.57590537368}, {'30D': 150168.02477937524}]","[{'1D': ['realized_roi']}, {'7D': ['realized_roi']}, {'30D': ['realized_roi']}]","[{'1D': 50.341291849051764}, {'7D': 50.146225149419855}, {'30D': 57.04216686672833}]","[{'1D': -100}, {'7D': 229.04086279519072}, {'30D': 19.884503136205495}]","[{'1D': 0}, {'7D': 57.14285714285714}, {'30D': 51.515151515151516}]","[{'1D': 3}, {'7D': 7}, {'30D': 33}]","[{'1D': 31.164909944190768}, {'7D': 31.164909944190768}, {'30D': 31.164909944190768}]"
6xZr7TL2rSyRVJ2Jeendbh7oFecRg1sCS2u9ftJGWrbG,"[{'1D': -262.3032568830537}, {'7D': 3818.0573820009135}, {'30D': 32124.72376467422}]","[{'1D': 0}, {'7D': 0}, {'30D': 0}]","[{'1D': -262.3032568830537}, {'7D': 3818.0573820009135}, {'30D': 32124.72376467422}]","[{'1D': ['realized_roi']}, {'7D': ['realized_roi']}, {'30D': ['realized_roi']}]","[{'1D': 0}, {'7D': 0}, {'30D': 0}]","[{'1D': -100}, {'7D': 88.85887083606536}, {'30D': 28.01752692843908}]","[{'1D': 38.88888888888889}, {'7D': 59.70149253731343}, {'30D': 60.396039603960396}]","[{'1D': 18}, {'7D': 67}, {'30D': 101}]","[{'1D': 0.7055960086299892}, {'7D': 0.7055960086299892}, {'30D': 0.7055960086299892}]"
47KdXtjkFVcUkew2hwjhX7kaTrN3JYvEx8dBpgHVABoH,"[{'1D': 51.24464633122573}, {'7D': 408.0740616680801}, {'30D': 2874.4564601994803}]","[{'1D': 0}, {'7D': 0}, {'30D': 0}]","[{'1D': 51.24464633122573}, {'7D': 408.0740616680801}, {'30D': 2874.4564601994803}]","[{'1D': ['realized_roi']}, {'7D': ['realized_roi']}, {'30D': ['realized_roi']}]","[{'1D': 0}, {'7D': 0}, {'30D': 0}]","[{'1D': 34.60349776572576}, {'7D': 72.45842441835606}, {'30D': 14.966687805306814}]","[{'1D': 100}, {'7D': 62.5}, {'30D': 70}]","[{'1D': 1}, {'7D': 16}, {'30D': 30}]","[{'1D': 0.01890343222803956}, {'7D': 0.01890343222803956}, {'30D': 0.01890343222803956}]"
AGgRfsMzScyHFiYEvYgx9ArmiZD8hMSXJr2eUCPmuFSX,"[{'1D': 116.97272583921145}, {'7D': 6449.842449267659}, {'30D': 6246.6935977758385}]","[{'1D': 0}, {'7D': 38.4437543161009}, {'30D': 38.4437543161009}]","[{'1D': 116.97272583921145}, {'7D': 6488.28620358376}, {'30D': 6285.13735209194}]","[{'1D': ['realized_roi']}, {'7D': ['realized_roi']}, {'30D': ['realized_roi']}]","[{'1D': 0}, {'7D': 33.71217311006624}, {'30D': 33.71217311006624}]","[{'1D': 84.60526512129462}, {'7D': 78.60607462175237}, {'30D': 14.728021905370396}]","[{'1D': 100}, {'7D': 53.333333333333336}, {'30D': 47.61904761904761}]","[{'1D': 2}, {'7D': 15}, {'30D': 21}]","[{'1D': 0.2501031746031746}, {'7D': 0.2501031746031746}, {'30D': 0.2501031746031746}]"
7P5FJ4CpyeiSonwcx2Cq1ZVPJA7ZC6kesjN3Z3t7eJuU,"[{'1D': 5551.123948765902}, {'7D': 13640.488075328902}, {'30D': 13598.469141871132}]","[{'1D': 0}, {'7D': 0}, {'30D': 0}]","[{'1D': 5551.123948765902}, {'7D': 13640.488075328902}, {'30D': 13598.469141871132}]","[{'1D': ['realized_roi']}, {'7D': ['realized_roi']}, {'30D': ['realized_roi']}]","[{'1D': 0}, {'7D': 0}, {'30D': 0}]","[{'1D': 23.75387798314946}, {'7D': 64.98583954366161}, {'30D': 65.18517373785593}]","[{'1D': 37.03703703703704}, {'7D': 44.73684210526316}, {'30D': 43.87096774193549}]","[{'1D': 27}, {'7D': 152}, {'30D': 155}]","[{'1D': 0.02501173708920188}, {'7D': 0.02501173708920188}, {'30D': 0.02501173708920188}]"
6a7tZxBST4vbKCD4EGtKNoiRW3bJgcLBg7kiQo2PvGyG,"[{'1D': 0}, {'7D': 2160.456325555347}, {'30D': 8631.572916408168}]","[{'1D': 0}, {'7D': 6.3234928427275485e-06}, {'30D': 5.281798256490626e-05}]","[{'1D': 0}, {'7D': 2160.45633187884}, {'30D': 8631.572969226152}]","[{'1D': ['realized_roi']}, {'7D': ['realized_roi']}, {'30D': ['realized_roi']}]","[{'1D': 0}, {'7D': 136.1780217414067}, {'30D': 293362.3156294026}]","[{'1D': 0}, {'7D': 166.96083124174152}, {'30D': 33.167338086428586}]","[{'1D': 0}, {'7D': 100}, {'30D': 86.36363636363636}]","[{'1D': 0}, {'7D': 2}, {'30D': 22}]","[{'1D': 0.00966183574879227}, {'7D': 0.00966183574879227}, {'30D': 0.00966183574879227}]"
BFLKo3owWwodM5Ez8KJeaoZVi9W7wNxhKcPnG7kRqpwv,"[{'1D': 0}, {'7D': 232.62363382511433}, {'30D': 2307.6283382031484}]","[{'1D': 0}, {'7D': 0}, {'30D': 0}]","[{'1D': 0}, {'7D': 232.62363382511433}, {'30D': 2307.6283382031484}]","[{'1D': ['realized_roi']}, {'7D': ['realized_roi']}, {'30D': ['realized_roi']}]","[{'1D': 0}, {'7D': 0}, {'30D': 0}]","[{'1D': 0}, {'7D': 84.29781554633216}, {'30D': 9.753922487483363}]","[{'1D': 0}, {'7D': 60}, {'30D': 68}]","[{'1D': 0}, {'7D': 15}, {'30D': 25}]","[{'1D': 0.01856981981981982}, {'7D': 0.01856981981981982}, {'30D': 0.01856981981981982}]"
DY5na1CMU2FUno2GHB3KnK16pg2UtCn25Dfk8BHgCQEd,"[{'1D': 0}, {'7D': 375.2071685703653}, {'30D': 2776.2290556437156}]","[{'1D': 0}, {'7D': 0}, {'30D': 0}]","[{'1D': 0}, {'7D': 375.2071685703653}, {'30D': 2776.2290556437156}]","[{'1D': ['realized_roi']}, {'7D': ['realized_roi']}, {'30D': ['realized_roi']}]","[{'1D': 0}, {'7D': 0}, {'30D': 0}]","[{'1D': 0}, {'7D': 74.55759383352472}, {'30D': 9.656051246129639}]","[{'1D': 0}, {'7D': 75}, {'30D': 80}]","[{'1D': 0}, {'7D': 16}, {'30D': 30}]","[{'1D': 0.017366542520173802}, {'7D': 0.017366542520173802}, {'30D': 0.017366542520173802}]"
6ufAmMt79MiTgMgLMqiRq2BiJqRRPe7qYuMXNDZsiEb6,"[{'1D': 205.83723500744787}, {'7D': 6848.95944505545}, {'30D': 22294.42250612396}]","[{'1D': 0}, {'7D': 0}, {'30D': -341.4736584291385}]","[{'1D': 205.83723500744787}, {'7D': 6848.95944505545}, {'30D': 21952.94884769482}]","[{'1D': ['realized_roi']}, {'7D': ['realized_roi']}, {'30D': ['realized_roi']}]","[{'1D': 0}, {'7D': 0}, {'30D': 99.10728527768269}]","[{'1D': 84.67971502024938}, {'7D': 55.35304975233486}, {'30D': 57.21579862353552}]","[{'1D': 50}, {'7D': 58.69565217391305}, {'30D': 56.54450261780105}]","[{'1D': 4}, {'7D': 46}, {'30D': 191}]","[{'1D': 2.070714449963208}, {'7D': 2.070714449963208}, {'30D': 2.070714449963208}]"
3ZsSqUWzA4rBxMpbj7zNXDfzp5ATwySaxdQM3n1Pfq6e,"[{'1D': 0}, {'7D': 2549.339757594593}, {'30D': 13491.563970853644}]","[{'1D': 0}, {'7D': 3.458274540273799e-07}, {'30D': 482.746257965885}]","[{'1D': 0}, {'7D': 2549.3397579404204}, {'30D': 13974.310228819528}]","[{'1D': ['realized_roi']}, {'7D': ['realized_roi']}, {'30D': ['realized_roi']}]","[{'1D': 0}, {'7D': 24.678745769753853}, {'30D': 33.88426727480064}]","[{'1D': 0}, {'7D': 9.271497520608829}, {'30D': 62.50290385951315}]","[{'1D': 0}, {'7D': 100}, {'30D': 97.5609756097561}]","[{'1D': 0}, {'7D': 10}, {'30D': 41}]","[{'1D': 5.315715372907153}, {'7D': 5.315715372907153}, {'30D': 5.315715372907153}]"
9dBu7kc6KUtUHzXeBmkyQBrBe6x1SiyiRrmS78kK8dkh,"[{'1D': 3385.469382888018}, {'7D': 23424.554989278142}, {'30D': 35378.059263575684}]","[{'1D': 0}, {'7D': 0}, {'30D': 0}]","[{'1D': 3385.469382888018}, {'7D': 23424.554989278142}, {'30D': 35378.059263575684}]","[{'1D': ['realized_roi']}, {'7D': ['realized_roi']}, {'30D': ['realized_roi']}]","[{'1D': 0}, {'7D': 0}, {'30D': 0}]","[{'1D': 21.35166952869623}, {'7D': 4.74723807584434}, {'30D': 3.1374535739718814}]","[{'1D': 57.14285714285714}, {'7D': 63.63636363636363}, {'30D': 64.17910447761194}]","[{'1D': 7}, {'7D': 44}, {'30D': 67}]","[{'1D': 3.506875}, {'7D': 3.506875}, {'30D': 3.506875}]"
GBUvKJp5BTx65h5yWA4s8q6Ast1T86viRKRVxZtahbsD,"[{'1D': 89.88705095341346}, {'7D': 299.3853586798086}, {'30D': 2960.0236557015633}]","[{'1D': 0}, {'7D': 0}, {'30D': 0}]","[{'1D': 89.88705095341346}, {'7D': 299.3853586798086}, {'30D': 2960.0236557015633}]","[{'1D': ['realized_roi']}, {'7D': ['realized_roi']}, {'30D': ['realized_roi']}]","[{'1D': 0}, {'7D': 0}, {'30D': 0}]","[{'1D': 28.22335807414767}, {'7D': 73.86236631950037}, {'30D': 22.750739551193572}]","[{'1D': 100}, {'7D': 64.28571428571429}, {'30D': 71.875}]","[{'1D': 1}, {'7D': 14}, {'30D': 32}]","[{'1D': 0.01657874617737003}, {'7D': 0.01657874617737003}, {'30D': 0.01657874617737003}]"
6WAMwazm9bsyBtv4XpSRYdmNZCVMtVAUuunQ3gN7MtSZ,"[{'1D': 38.55383005888092}, {'7D': 4520.346873080297}, {'30D': 39674.35136030558}]","[{'1D': 2.8420780291398864}, {'7D': -621.8522243126171}, {'30D': -2388.621461033876}]","[{'1D': 41.3959080880208}, {'7D': 3898.4946487676793}, {'30D': 37285.72989927172}]","[{'1D': ['realized_roi']}, {'7D': ['realized_roi']}, {'30D': ['realized_roi']}]","[{'1D': 52.01033389831182}, {'7D': 70.24479423318304}, {'30D': 44.01762365627852}]","[{'1D': 88.90270995224152}, {'7D': 28.23045123262687}, {'30D': 20.633861022418852}]","[{'1D': 100}, {'7D': 61.904761904761905}, {'30D': 63.888888888888886}]","[{'1D': 2}, {'7D': 21}, {'30D': 108}]","[{'1D': 17.125921848013817}, {'7D': 17.125921848013817}, {'30D': 17.125921848013817}]"
GvDUqQLKxE8zauQczHWiWACza828tXNhNgnhXQtwcnFW,"[{'1D': 0}, {'7D': 1682.3931651707696}, {'30D': 6018.776077486171}]","[{'1D': 0}, {'7D': 0}, {'30D': 0}]","[{'1D': 0}, {'7D': 1682.3931651707696}, {'30D': 6018.776077486171}]","[{'1D': ['realized_roi']}, {'7D': ['realized_roi']}, {'30D': ['realized_roi']}]","[{'1D': 0}, {'7D': 0}, {'30D': 0}]","[{'1D': 0}, {'7D': 85.08485029691435}, {'30D': 59.647280569727755}]","[{'1D': 0}, {'7D': 80}, {'30D': 69.56521739130434}]","[{'1D': 0}, {'7D': 10}, {'30D': 23}]","[{'1D': 0.19366658797607805}, {'7D': 0.19366658797607805}, {'30D': 0.19366658797607805}]"
HSd6UBRmChtEx5Hx3rEyhH646sxayCdBi7i5tuSDHiE8,"[{'1D': 0}, {'7D': 5657.060609536349}, {'30D': 8386.415597143246}]","[{'1D': 0}, {'7D': 0}, {'30D': 0}]","[{'1D': 0}, {'7D': 5657.060609536349}, {'30D': 8386.415597143246}]","[{'1D': ['realized_roi']}, {'7D': ['realized_roi']}, {'30D': ['realized_roi']}]","[{'1D': 0}, {'7D': 0}, {'30D': 100}]","[{'1D': 0}, {'7D': 27.23112468036523}, {'30D': 27.42340022527149}]","[{'1D': 0}, {'7D': 52.17391304347826}, {'30D': 57.8125}]","[{'1D': 0}, {'7D': 23}, {'30D': 64}]","[{'1D': 0.481910080183276}, {'7D': 0.481910080183276}, {'30D': 0.481910080183276}]"
DopABESCgSMCbLcmyNToxw9VahHgmyf8vfDpaBPDQh51,"[{'1D': 0}, {'7D': 363.66062129429486}, {'30D': 2706.571305281199}]","[{'1D': 0}, {'7D': 0}, {'30D': 0}]","[{'1D': 0}, {'7D': 363.66062129429486}, {'30D': 2706.571305281199}]","[{'1D': ['realized_roi']}, {'7D': ['realized_roi']}, {'30D': ['realized_roi']}]","[{'1D': 0}, {'7D': 0}, {'30D': 0}]","[{'1D': 0}, {'7D': 75.74157157512282}, {'30D': 5.947656832934124}]","[{'1D': 0}, {'7D': 64.70588235294117}, {'30D': 70.96774193548387}]","[{'1D': 0}, {'7D': 17}, {'30D': 31}]","[{'1D': 0.017536848072562356}, {'7D': 0.017536848072562356}, {'30D': 0.017536848072562356}]"
HsG4R2VfbJJFj2mkxHcbdv8tiSBppEsgYcYerQ9SuwaX,"[{'1D': 407.7977195434486}, {'7D': 16620.999491275757}, {'30D': 19105.92897883302}]","[{'1D': -737.9764420145754}, {'7D': -1026.07069909429}, {'30D': -1026.07069909429}]","[{'1D': -330.1787224711268}, {'7D': 15594.928792181463}, {'30D': 18079.858279738728}]","[{'1D': ['realized_roi']}, {'7D': ['realized_roi']}, {'30D': ['realized_roi']}]","[{'1D': 86.78648503144638}, {'7D': 76.39943859900785}, {'30D': 76.39943859900785}]","[{'1D': -100}, {'7D': 31.39989993760515}, {'30D': 28.333681700362952}]","[{'1D': 42.857142857142854}, {'7D': 71.42857142857143}, {'30D': 77.77777777777779}]","[{'1D': 7}, {'7D': 28}, {'30D': 36}]","[{'1D': 1.3486653116531166}, {'7D': 1.3486653116531166}, {'30D': 1.3486653116531166}]"
4WL1Ccf9iPr34uopFk91GoATNYRypX9KiEtoLC5FPPWr,"[{'1D': 2410.024566037557}, {'7D': 28273.521839962104}, {'30D': 273075.48656144395}]","[{'1D': 236.5411297527071}, {'7D': -13721.672715693872}, {'30D': 115495.04312459735}]","[{'1D': 2646.5656957902647}, {'7D': 14551.849124268241}, {'30D': 388570.5296860413}]","[{'1D': ['realized_roi']}, {'7D': ['realized_roi']}, {'30D': ['realized_roi']}]","[{'1D': 6.617058855476158}, {'7D': 24.174884240448367}, {'30D': 341.1296642775928}]","[{'1D': 71.02730032780462}, {'7D': 86.95422818456737}, {'30D': 78.67239900524787}]","[{'1D': 66.66666666666666}, {'7D': 82.8125}, {'30D': 79.28571428571428}]","[{'1D': 12}, {'7D': 64}, {'30D': 140}]","[{'1D': 15.286953341241597}, {'7D': 15.286953341241597}, {'30D': 15.286953341241597}]"
F6SmYqFTRdyTD5u3FJJzD6Fux71yLpr1agqaJDCrVPA4,"[{'1D': 0}, {'7D': -11.401090412539265}, {'30D': 4239.585778670503}]","[{'1D': 0}, {'7D': 0}, {'30D': 3.855291593619328}]","[{'1D': 0}, {'7D': -11.401090412539265}, {'30D': 4243.441070264122}]","[{'1D': ['realized_roi']}, {'7D': ['realized_roi']}, {'30D': ['realized_roi']}]","[{'1D': 0}, {'7D': 0}, {'30D': 46.04573350503276}]","[{'1D': 0}, {'7D': -100}, {'30D': 61.413126314592695}]","[{'1D': 0}, {'7D': 71.42857142857143}, {'30D': 73.68421052631578}]","[{'1D': 0}, {'7D': 7}, {'30D': 19}]","[{'1D': 0.17229008438818563}, {'7D': 0.17229008438818563}, {'30D': 0.17229008438818563}]"
2FaNRoiXTZ9xXXNKRPap3VXiSZQr6ebwjnHBseCWJc9h,"[{'1D': 52.7223793667118}, {'7D': 327.21420934627963}, {'30D': 2986.0092810454603}]","[{'1D': 0}, {'7D': 0}, {'30D': 0}]","[{'1D': 52.7223793667118}, {'7D': 327.21420934627963}, {'30D': 2986.0092810454603}]","[{'1D': ['realized_roi']}, {'7D': ['realized_roi']}, {'30D': ['realized_roi']}]","[{'1D': 0}, {'7D': 0}, {'30D': 0}]","[{'1D': 33.933689264862146}, {'7D': 79.20711793519072}, {'30D': 0.6141476512969452}]","[{'1D': 100}, {'7D': 75}, {'30D': 82.35294117647058}]","[{'1D': 1}, {'7D': 16}, {'30D': 34}]","[{'1D': 0.018230647709320695}, {'7D': 0.018230647709320695}, {'30D': 0.018230647709320695}]"
238Wrsi1csvpH9oEH2EeKKWhgnNWwHD4coTYWCiymsdy,"[{'1D': 0}, {'7D': -402.9348939362598}, {'30D': 11618.41025346692}]","[{'1D': 0}, {'7D': -65.29908096678601}, {'30D': -40.484505330004225}]","[{'1D': 0}, {'7D': -468.2339749030457}, {'30D': 11577.925748136917}]","[{'1D': ['realized_roi']}, {'7D': ['realized_roi']}, {'30D': ['realized_roi']}]","[{'1D': 0}, {'7D': 68.95355138281386}, {'30D': 70.22600564387005}]","[{'1D': 0}, {'7D': -100}, {'30D': 38.4958404434911}]","[{'1D': 0}, {'7D': 62.31884057971014}, {'30D': 68.88888888888889}]","[{'1D': 0}, {'7D': 69}, {'30D': 90}]","[{'1D': 1.1069044256120528}, {'7D': 1.1069044256120528}, {'30D': 1.1069044256120528}]"
AvKEVjuzvrb33HEoJP1vsukQzCe4vnBKfxHqzj55Yx8x,"[{'1D': 80.12058740919348}, {'7D': 7288.439864978057}, {'30D': 14680.227031802888}]","[{'1D': 0}, {'7D': 9.067223660127603}, {'30D': 187.02877933229408}]","[{'1D': 80.12058740919348}, {'7D': 7297.507088638184}, {'30D': 14867.255811135183}]","[{'1D': ['realized_roi']}, {'7D': ['realized_roi']}, {'30D': ['realized_roi']}]","[{'1D': 0}, {'7D': 66.9482922189791}, {'30D': 3.6430345423733357}]","[{'1D': 70.68480674728313}, {'7D': 48.18425215734122}, {'30D': 35.85554030823679}]","[{'1D': 100}, {'7D': 63.888888888888886}, {'30D': 64.38356164383562}]","[{'1D': 3}, {'7D': 36}, {'30D': 73}]","[{'1D': 1.5362528735632182}, {'7D': 1.5362528735632182}, {'30D': 1.5362528735632182}]"
8AXBKkV6auvaRxTa2aY151NJL8CLBEema3smDk7QxtTj,"[{'1D': 132.4329579728528}, {'7D': 181.90365278147445}, {'30D': 591.3564705507973}]","[{'1D': 0}, {'7D': -26.725438339924914}, {'30D': -126.35552294000212}]","[{'1D': 132.4329579728528}, {'7D': 155.17821444154956}, {'30D': 465.00094761079527}]","[{'1D': ['realized_roi']}, {'7D': ['realized_roi']}, {'30D': ['realized_roi']}]","[{'1D': 0}, {'7D': 19.70341287170125}, {'30D': 19.968010854248003}]","[{'1D': 254.20999837695786}, {'7D': 47.359052081402666}, {'30D': 67.55948376624907}]","[{'1D': 100}, {'7D': 40}, {'30D': 59.09090909090909}]","[{'1D': 1}, {'7D': 5}, {'30D': 22}]","[{'1D': 17.53964759535655}, {'7D': 17.53964759535655}, {'30D': 17.53964759535655}]"
C8Yc4huWxY5yVrtfkTEn3QfuMpv934yv2iEU9M1vswrH,"[{'1D': -50.11911587662177}, {'7D': -493.2996304918786}, {'30D': 1973.0774375736319}]","[{'1D': 0}, {'7D': -16.234378467093812}, {'30D': -16.234378467093812}]","[{'1D': -50.11911587662177}, {'7D': -509.5340089589723}, {'30D': 1956.843059106538}]","[{'1D': ['realized_roi']}, {'7D': ['realized_roi']}, {'30D': ['realized_roi']}]","[{'1D': 0}, {'7D': 68.6630675257074}, {'30D': 68.6630675257074}]","[{'1D': -100}, {'7D': -100}, {'30D': 43.20558042512363}]","[{'1D': 62.5}, {'7D': 46.51162790697674}, {'30D': 53.2258064516129}]","[{'1D': 16}, {'7D': 43}, {'30D': 62}]","[{'1D': 3.6078425925925925}, {'7D': 3.6078425925925925}, {'30D': 3.6078425925925925}]"
DKerY3iPSmaxjFDWFr3tcNBEC8LeVkMBVDDKXCVKJukX,"[{'1D': 288.570053754}, {'7D': 3627.2732135471356}, {'30D': 21576.38637146884}]","[{'1D': 0}, {'7D': 0}, {'30D': -50.08483887723203}]","[{'1D': 288.570053754}, {'7D': 3627.2732135471356}, {'30D': 21526.30153259161}]","[{'1D': ['realized_roi']}, {'7D': ['realized_roi']}, {'30D': ['realized_roi']}]","[{'1D': 0}, {'7D': 0}, {'30D': 34.40384844459981}]","[{'1D': 3.4771703369288898}, {'7D': 130.46815190372084}, {'30D': 25.252920332409513}]","[{'1D': 100}, {'7D': 88.23529411764706}, {'30D': 58.37563451776649}]","[{'1D': 3}, {'7D': 17}, {'30D': 197}]","[{'1D': 0.29559456472270984}, {'7D': 0.29559456472270984}, {'30D': 0.29559456472270984}]"
E2GppFnAqpapcEwzeC1hnx3uPwrVqFY4Tsw1w6JvMeeQ,"[{'1D': 487.65412669656}, {'7D': 6443.037821232092}, {'30D': 15347.659122904666}]","[{'1D': 0}, {'7D': 0}, {'30D': -2.783641298183388}]","[{'1D': 487.65412669656}, {'7D': 6443.037821232092}, {'30D': 15344.875481606483}]","[{'1D': ['realized_roi']}, {'7D': ['realized_roi']}, {'30D': ['realized_roi']}]","[{'1D': 0}, {'7D': 0}, {'30D': 26.51561029728785}]","[{'1D': 48.370721495016426}, {'7D': 42.53842843810971}, {'30D': 42.41128777936576}]","[{'1D': 100}, {'7D': 56.75675675675676}, {'30D': 61.261261261261254}]","[{'1D': 1}, {'7D': 37}, {'30D': 111}]","[{'1D': 0.30923805815160954}, {'7D': 0.30923805815160954}, {'30D': 0.30923805815160954}]"
AVYPT9Z9ZXijpX2CH5bgMz4GHzAk1oUrhfnjP3PGHkdf,"[{'1D': 68.58835377542624}, {'7D': 608.5132409577261}, {'30D': 3012.840476217968}]","[{'1D': 0}, {'7D': 0}, {'30D': 0}]","[{'1D': 68.58835377542624}, {'7D': 608.5132409577261}, {'30D': 3012.840476217968}]","[{'1D': ['realized_roi']}, {'7D': ['realized_roi']}, {'30D': ['realized_roi']}]","[{'1D': 0}, {'7D': 0}, {'30D': 0}]","[{'1D': 11.765763013085387}, {'7D': 65.36468034984902}, {'30D': 1.831978423507074}]","[{'1D': 100}, {'7D': 66.66666666666666}, {'30D': 65.71428571428571}]","[{'1D': 1}, {'7D': 18}, {'30D': 35}]","[{'1D': 0.01718399592252803}, {'7D': 0.01718399592252803}, {'30D': 0.01718399592252803}]"
A7VYhCqZ6Rox1Nn34JFkmgpP8FuEkAcNP21aMLhxW7f7,"[{'1D': -1939.0608874063205}, {'7D': -761.9395372649175}, {'30D': 76637.09615135637}]","[{'1D': -217.02750543134346}, {'7D': 4555.005142895428}, {'30D': 3983.2796008934674}]","[{'1D': -2156.088392837664}, {'7D': 3793.065605630511}, {'30D': 80620.37575224982}]","[{'1D': ['realized_roi']}, {'7D': ['realized_roi']}, {'30D': ['realized_roi']}]","[{'1D': 55.79529204782452}, {'7D': 10.556323797347936}, {'30D': 9.794420405893947}]","[{'1D': -100}, {'7D': 47.67626409703339}, {'30D': 331.0831492025292}]","[{'1D': 0}, {'7D': 40}, {'30D': 52.38095238095239}]","[{'1D': 3}, {'7D': 10}, {'30D': 21}]","[{'1D': 8.812658730158729}, {'7D': 8.812658730158729}, {'30D': 8.812658730158729}]"
6o25Ex2nhZjPmYtfTv3mRrNwnC5bMxVAsdfYktGEQEKq,"[{'1D': 56.460574289792724}, {'7D': 108.37995374972246}, {'30D': 2559.7630229256424}]","[{'1D': 0}, {'7D': 0}, {'30D': 0}]","[{'1D': 56.460574289792724}, {'7D': 108.37995374972246}, {'30D': 2559.7630229256424}]","[{'1D': ['realized_roi']}, {'7D': ['realized_roi']}, {'30D': ['realized_roi']}]","[{'1D': 0}, {'7D': 0}, {'30D': 0}]","[{'1D': 42.123099544814565}, {'7D': 92.99745824756481}, {'30D': 9.603583530845269}]","[{'1D': 100}, {'7D': 60}, {'30D': 67.74193548387096}]","[{'1D': 1}, {'7D': 15}, {'30D': 31}]","[{'1D': 0.015543593833067517}, {'7D': 0.015543593833067517}, {'30D': 0.015543593833067517}]"
7DAMCyYSf3PpNn6jVzcrC3tyBQ5tD45JMajpKBocboHW,"[{'1D': 78.52791559179404}, {'7D': 438.78315677712055}, {'30D': 2950.817512696326}]","[{'1D': 0}, {'7D': 0}, {'30D': 0}]","[{'1D': 78.52791559179404}, {'7D': 438.78315677712055}, {'30D': 2950.817512696326}]","[{'1D': ['realized_roi']}, {'7D': ['realized_roi']}, {'30D': ['realized_roi']}]","[{'1D': 0}, {'7D': 0}, {'30D': 0}]","[{'1D': 34.82795650928201}, {'7D': 70.64192027582799}, {'30D': 3.127308059869918}]","[{'1D': 100}, {'7D': 75}, {'30D': 68.57142857142857}]","[{'1D': 1}, {'7D': 16}, {'30D': 35}]","[{'1D': 0.016905286343612335}, {'7D': 0.016905286343612335}, {'30D': 0.016905286343612335}]"
3bYoVt4XV8aTdaNc7XceGRKRv2AsTH1e5YGY26D3nh3U,"[{'1D': 86.68285774715436}, {'7D': 348.71887929290256}, {'30D': 2979.3515394665783}]","[{'1D': 0}, {'7D': 0}, {'30D': 0}]","[{'1D': 86.68285774715436}, {'7D': 348.71887929290256}, {'30D': 2979.3515394665783}]","[{'1D': ['realized_roi']}, {'7D': ['realized_roi']}, {'30D': ['realized_roi']}]","[{'1D': 0}, {'7D': 0}, {'30D': 0}]","[{'1D': 22.94493986731421}, {'7D': 77.3305702305245}, {'30D': 1.63413227565091}]","[{'1D': 100}, {'7D': 60}, {'30D': 67.64705882352942}]","[{'1D': 1}, {'7D': 15}, {'30D': 34}]","[{'1D': 0.016188544739429694}, {'7D': 0.016188544739429694}, {'30D': 0.016188544739429694}]"
Dprrfpqi2TU7GDzzN59YWPiHxwch1GLpKYqYCi6X21NU,"[{'1D': 0}, {'7D': 3244.0234089898495}, {'30D': 7963.918676074792}]","[{'1D': 0}, {'7D': 0}, {'30D': 0}]","[{'1D': 0}, {'7D': 3244.0234089898495}, {'30D': 7963.918676074792}]","[{'1D': ['realized_roi']}, {'7D': ['realized_roi']}, {'30D': ['realized_roi']}]","[{'1D': 0}, {'7D': 0}, {'30D': 0}]","[{'1D': 0}, {'7D': 60.8104444004941}, {'30D': 34.07961211431103}]","[{'1D': 0}, {'7D': 35}, {'30D': 34.375}]","[{'1D': 0}, {'7D': 20}, {'30D': 32}]","[{'1D': 0.1374029982363316}, {'7D': 0.1374029982363316}, {'30D': 0.1374029982363316}]"
DSsSCWgC7rfYfLUvQBt2QEgwLHretBbmxPCgWMwb49pB,"[{'1D': 74.36950064695108}, {'7D': 91.7142713245777}, {'30D': 2766.26451637622}]","[{'1D': 0}, {'7D': 0}, {'30D': 0}]","[{'1D': 74.36950064695108}, {'7D': 91.7142713245777}, {'30D': 2766.26451637622}]","[{'1D': ['realized_roi']}, {'7D': ['realized_roi']}, {'30D': ['realized_roi']}]","[{'1D': 0}, {'7D': 0}, {'30D': 0}]","[{'1D': 4.922901672856284}, {'7D': 94.88210270221406}, {'30D': 4.9967199455032745}]","[{'1D': 100}, {'7D': 55.55555555555556}, {'30D': 73.52941176470588}]","[{'1D': 1}, {'7D': 18}, {'30D': 34}]","[{'1D': 0.01717989417989418}, {'7D': 0.01717989417989418}, {'30D': 0.01717989417989418}]"
6cQ3HbywTxAWFwTFJXhLbvFVhcnZCXieLDHmTzzdL8Qy,"[{'1D': 42.23927541298259}, {'7D': 108.61983895392987}, {'30D': 2377.735749105137}]","[{'1D': 0}, {'7D': 0}, {'30D': 0}]","[{'1D': 42.23927541298259}, {'7D': 108.61983895392987}, {'30D': 2377.735749105137}]","[{'1D': ['realized_roi']}, {'7D': ['realized_roi']}, {'30D': ['realized_roi']}]","[{'1D': 0}, {'7D': 0}, {'30D': 0}]","[{'1D': 60.896254540417914}, {'7D': 93.17778892348647}, {'30D': 8.440358473396103}]","[{'1D': 100}, {'7D': 56.25}, {'30D': 65.51724137931035}]","[{'1D': 1}, {'7D': 16}, {'30D': 29}]","[{'1D': 0.01875873015873016}, {'7D': 0.01875873015873016}, {'30D': 0.01875873015873016}]"
J9cMaazmMEpLFwSa5uWhExqzrhRKpnA7W3AZUDoLj2e9,"[{'1D': 46.44928056414661}, {'7D': 136.02762071007902}, {'30D': 2193.657018175221}]","[{'1D': 0}, {'7D': 0}, {'30D': 0}]","[{'1D': 46.44928056414661}, {'7D': 136.02762071007902}, {'30D': 2193.657018175221}]","[{'1D': ['realized_roi']}, {'7D': ['realized_roi']}, {'30D': ['realized_roi']}]","[{'1D': 0}, {'7D': 0}, {'30D': 0}]","[{'1D': 50.214707663009314}, {'7D': 89.87386951765973}, {'30D': 3.9913652103556228}]","[{'1D': 100}, {'7D': 53.333333333333336}, {'30D': 71.42857142857143}]","[{'1D': 1}, {'7D': 15}, {'30D': 28}]","[{'1D': 0.01849090318388564}, {'7D': 0.01849090318388564}, {'30D': 0.01849090318388564}]"
831qmkeGhfL8YpcXuhrug6nHj1YdK3aXMDQUCo85Auh1,"[{'1D': 783.0328782347874}, {'7D': 8339.291826491599}, {'30D': 90724.10040629593}]","[{'1D': -599.9392558509322}, {'7D': 5236.530542437073}, {'30D': 35369.547801860324}]","[{'1D': 183.09362238385518}, {'7D': 13575.822368928671}, {'30D': 126093.64820815629}]","[{'1D': ['realized_roi']}, {'7D': ['realized_roi']}, {'30D': ['realized_roi']}]","[{'1D': 100}, {'7D': 185.20983443103336}, {'30D': 390.70406216275074}]","[{'1D': 94.67871646807298}, {'7D': 66.52489298253167}, {'30D': 19.58909501696872}]","[{'1D': 75}, {'7D': 75.38461538461539}, {'30D': 84.23076923076923}]","[{'1D': 8}, {'7D': 65}, {'30D': 260}]","[{'1D': 9.003683190018545}, {'7D': 9.003683190018545}, {'30D': 9.003683190018545}]"
8vbRXRDLCAeyS6g8sLLkiYXdKnmAjGpP5gAkzv8GwCZb,"[{'1D': 3623.339333010827}, {'7D': 10607.696567214363}, {'30D': 63037.672392197506}]","[{'1D': 0}, {'7D': 0}, {'30D': 0}]","[{'1D': 3623.339333010827}, {'7D': 10607.696567214363}, {'30D': 63037.672392197506}]","[{'1D': ['realized_roi']}, {'7D': ['realized_roi']}, {'30D': ['realized_roi']}]","[{'1D': 0}, {'7D': 0}, {'30D': 0}]","[{'1D': 47.53564278487016}, {'7D': 74.95418232238501}, {'30D': 25.204198958483232}]","[{'1D': 68.75}, {'7D': 66.26506024096386}, {'30D': 72.19251336898395}]","[{'1D': 16}, {'7D': 83}, {'30D': 187}]","[{'1D': 0.2996265560165975}, {'7D': 0.2996265560165975}, {'30D': 0.2996265560165975}]"
7YDzuabyWj5RJgigKx7KmT3geTVQFbnswBznZvpX6bGt,"[{'1D': 0}, {'7D': -183.44335041379756}, {'30D': 2391.4605833184155}]","[{'1D': 0}, {'7D': 0}, {'30D': -176.51}]","[{'1D': 0}, {'7D': -183.44335041379756}, {'30D': 2214.9505833184153}]","[{'1D': ['realized_roi']}, {'7D': ['realized_roi']}, {'30D': ['realized_roi']}]","[{'1D': 0}, {'7D': 0}, {'30D': 100}]","[{'1D': 0}, {'7D': -100}, {'30D': 18.8617298169052}]","[{'1D': 0}, {'7D': 33.33333333333333}, {'30D': 54.54545454545454}]","[{'1D': 0}, {'7D': 6}, {'30D': 22}]","[{'1D': 0.09302469135802469}, {'7D': 0.09302469135802469}, {'30D': 0.09302469135802469}]"
6dbREms3AJ4Bh6C3118StD6685Tw5hfC9gbKajy2J1V9,"[{'1D': 2053.7687810064544}, {'7D': 3168.2062843476933}, {'30D': 16997.75563529485}]","[{'1D': 0}, {'7D': 0}, {'30D': 0}]","[{'1D': 2053.7687810064544}, {'7D': 3168.2062843476933}, {'30D': 16997.75563529485}]","[{'1D': ['realized_roi']}, {'7D': ['realized_roi']}, {'30D': ['realized_roi']}]","[{'1D': 0}, {'7D': 0}, {'30D': 0}]","[{'1D': 945.4489610348838}, {'7D': 11.8145026272859}, {'30D': 53.22436090891652}]","[{'1D': 100}, {'7D': 58.82352941176471}, {'30D': 73.88059701492537}]","[{'1D': 1}, {'7D': 17}, {'30D': 134}]","[{'1D': 2.945392943409248}, {'7D': 2.945392943409248}, {'30D': 2.945392943409248}]"
D6aHj6yCsBo5xHEbUVLpaSUpaPJNhBYhkPU2Kp5NgoUh,"[{'1D': -489.91418989935727}, {'7D': 9385.470196814143}, {'30D': 69025.70151220338}]","[{'1D': -1751.6881923517292}, {'7D': -2052.591904554008}, {'30D': -2243.2681923517293}]","[{'1D': -2241.6023822510865}, {'7D': 7332.87829226013}, {'30D': 66782.43331985157}]","[{'1D': ['realized_roi']}, {'7D': ['realized_roi']}, {'30D': ['realized_roi']}]","[{'1D': 93.69320669403771}, {'7D': 86.93076785988397}, {'30D': 95.00623384713275}]","[{'1D': -100}, {'7D': 80.76871520913332}, {'30D': 24.19820310288708}]","[{'1D': 41.66666666666667}, {'7D': 47.5}, {'30D': 50.898203592814376}]","[{'1D': 24}, {'7D': 80}, {'30D': 167}]","[{'1D': 0.706031454248366}, {'7D': 0.706031454248366}, {'30D': 0.706031454248366}]"
H21EnRRq9wd749cSK56hEMuPee2LgPvEPo1vGdf4EeeP,"[{'1D': 0}, {'7D': 0}, {'30D': 0}]","[{'1D': 0}, {'7D': 0}, {'30D': 0}]","[{'1D': 0}, {'7D': 0}, {'30D': 0}]","[{'1D': ['realized_roi']}, {'7D': ['realized_roi']}, {'30D': ['realized_roi']}]","[{'1D': 0}, {'7D': 0}, {'30D': 0}]","[{'1D': 0}, {'7D': 0}, {'30D': 0}]","[{'1D': 0}, {'7D': 0}, {'30D': 0}]","[{'1D': 0}, {'7D': 0}, {'30D': 0}]","[{'1D': 0}, {'7D': 0}, {'30D': 0}]"
8vSYZLiLtGmFiPhVUuUVWBTioNSrZom52bgXpZywQVqF,"[{'1D': 234.10366054143228}, {'7D': 9068.9641478086}, {'30D': 9463.419552322515}]","[{'1D': 0}, {'7D': 0}, {'30D': 0}]","[{'1D': 234.10366054143228}, {'7D': 9068.9641478086}, {'30D': 9463.419552322515}]","[{'1D': ['realized_roi']}, {'7D': ['realized_roi']}, {'30D': ['realized_roi']}]","[{'1D': 0}, {'7D': 0}, {'30D': 0}]","[{'1D': 70.59797296210859}, {'7D': 32.18771635842773}, {'30D': 41.25666580218227}]","[{'1D': 100}, {'7D': 61.904761904761905}, {'30D': 60}]","[{'1D': 4}, {'7D': 42}, {'30D': 55}]","[{'1D': 0.15273102310231026}, {'7D': 0.15273102310231026}, {'30D': 0.15273102310231026}]"
GBNFD9zD1cq6a5EKk4KJ6hYePa2VLx29xqyUWfNPweS2,"[{'1D': 0}, {'7D': 905.1700307842884}, {'30D': 12066.893973153203}]","[{'1D': 0}, {'7D': 143.95336428917912}, {'30D': 112.82052588036049}]","[{'1D': 0}, {'7D': 1049.1233950734677}, {'30D': 12179.714499033562}]","[{'1D': ['realized_roi']}, {'7D': ['realized_roi']}, {'30D': ['realized_roi']}]","[{'1D': 0}, {'7D': 86.37547359245117}, {'30D': 32.607088404728465}]","[{'1D': 0}, {'7D': 80.96000068406877}, {'30D': 0.02397921161235509}]","[{'1D': 0}, {'7D': 55.00000000000001}, {'30D': 56.86274509803921}]","[{'1D': 0}, {'7D': 20}, {'30D': 51}]","[{'1D': 1.994959176428825}, {'7D': 1.994959176428825}, {'30D': 1.994959176428825}]"
HJPh9a1vUadhiL8mFXS64ywtSbwwjFrzoM4ovmw6taE7,"[{'1D': 1618.7575898842513}, {'7D': 6356.702994690928}, {'30D': 6356.702994690928}]","[{'1D': 230.47711605390234}, {'7D': -434.9012434273238}, {'30D': -434.9012434273238}]","[{'1D': 1849.2347059381539}, {'7D': 5921.801751263603}, {'30D': 5921.801751263603}]","[{'1D': ['realized_roi']}, {'7D': ['realized_roi']}, {'30D': ['realized_roi']}]","[{'1D': 47.35595189416622}, {'7D': 19.632886863412192}, {'30D': 19.632886863412192}]","[{'1D': 27.8147317624863}, {'7D': 21.373833005493907}, {'30D': 21.373833005493907}]","[{'1D': 85.71428571428571}, {'7D': 63.41463414634146}, {'30D': 63.41463414634146}]","[{'1D': 7}, {'7D': 41}, {'30D': 41}]","[{'1D': 22.303631720430108}, {'7D': 22.303631720430108}, {'30D': 22.303631720430108}]"
6DeC1zskDxZ234dXDVBXDhJiWVQ4rJWF6L1TMf1VVWUu,"[{'1D': 36.89280454243713}, {'7D': 49.91310119930861}, {'30D': 2246.3098896160463}]","[{'1D': 0}, {'7D': 0}, {'30D': 0}]","[{'1D': 36.89280454243713}, {'7D': 49.91310119930861}, {'30D': 2246.3098896160463}]","[{'1D': ['realized_roi']}, {'7D': ['realized_roi']}, {'30D': ['realized_roi']}]","[{'1D': 0}, {'7D': 0}, {'30D': 0}]","[{'1D': 65.07072241361786}, {'7D': 96.75072274374456}, {'30D': 11.222124576922802}]","[{'1D': 100}, {'7D': 60}, {'30D': 71.42857142857143}]","[{'1D': 1}, {'7D': 15}, {'30D': 28}]","[{'1D': 0.01989945466939332}, {'7D': 0.01989945466939332}, {'30D': 0.01989945466939332}]"
3cme7bhjCoAPk8fhVuedMRbBKPqj1L2KPYJhGZs7UGc7,"[{'1D': 0}, {'7D': 601.9489538049768}, {'30D': 7044.622979399628}]","[{'1D': 0}, {'7D': 0}, {'30D': 9.744879072988322}]","[{'1D': 0}, {'7D': 601.9489538049768}, {'30D': 7054.367858472617}]","[{'1D': ['realized_roi']}, {'7D': ['realized_roi']}, {'30D': ['realized_roi']}]","[{'1D': 0}, {'7D': 0}, {'30D': 54.29857400309695}]","[{'1D': 0}, {'7D': 76.16485691724009}, {'30D': 2.386892438841779}]","[{'1D': 0}, {'7D': 81.81818181818183}, {'30D': 73.91304347826086}]","[{'1D': 0}, {'7D': 11}, {'30D': 23}]","[{'1D': 0.2736868686868687}, {'7D': 0.2736868686868687}, {'30D': 0.2736868686868687}]"
ESHjeWWiWRTE6qXMkJT538EMoaYKgBkFuUBcCEJjiDaB,"[{'1D': 1584.0044481453572}, {'7D': 13496.15385925796}, {'30D': 14211.636552096847}]","[{'1D': 0}, {'7D': 0}, {'30D': -241.70188930777198}]","[{'1D': 1584.0044481453572}, {'7D': 13496.15385925796}, {'30D': 13969.934662789074}]","[{'1D': ['realized_roi']}, {'7D': ['realized_roi']}, {'30D': ['realized_roi']}]","[{'1D': 0}, {'7D': 0}, {'30D': 82.11207162159539}]","[{'1D': 67.58957337921129}, {'7D': 76.6612866613033}, {'30D': 16.540072041380387}]","[{'1D': 20}, {'7D': 47.05882352941176}, {'30D': 51.28205128205128}]","[{'1D': 5}, {'7D': 17}, {'30D': 39}]","[{'1D': 3.096388888888889}, {'7D': 3.096388888888889}, {'30D': 3.096388888888889}]"
GbZsEfC5krJMa1gQHvVuBCVGeSbsqR2Sxr151nCfLKa8,"[{'1D': 68.9445755360102}, {'7D': 9.598196595538148}, {'30D': 2330.843885975213}]","[{'1D': 0}, {'7D': 0}, {'30D': 0}]","[{'1D': 68.9445755360102}, {'7D': 9.598196595538148}, {'30D': 2330.843885975213}]","[{'1D': ['realized_roi']}, {'7D': ['realized_roi']}, {'30D': ['realized_roi']}]","[{'1D': 0}, {'7D': 0}, {'30D': 0}]","[{'1D': 0.0758069734212416}, {'7D': 99.46969035627447}, {'30D': 15.814006192427094}]","[{'1D': 100}, {'7D': 50}, {'30D': 64.51612903225806}]","[{'1D': 1}, {'7D': 18}, {'30D': 31}]","[{'1D': 0.016971544715447155}, {'7D': 0.016971544715447155}, {'30D': 0.016971544715447155}]"
FA1rk3nVFmcjZx98Yj1FP7YQ27uo6JnEoQGjKxTxiVCD,"[{'1D': -118.6103377716001}, {'7D': 776.6068200728081}, {'30D': 15317.599771151848}]","[{'1D': 0}, {'7D': -791.7702836531346}, {'30D': -775.2695001618837}]","[{'1D': -118.6103377716001}, {'7D': -15.163463580326393}, {'30D': 14542.330270989965}]","[{'1D': ['realized_roi']}, {'7D': ['realized_roi']}, {'30D': ['realized_roi']}]","[{'1D': 0}, {'7D': 95.63580745088672}, {'30D': 95.23068120468733}]","[{'1D': -100}, {'7D': -100}, {'30D': 7.5734501591011805}]","[{'1D': 0}, {'7D': 50}, {'30D': 65.51724137931035}]","[{'1D': 1}, {'7D': 6}, {'30D': 29}]","[{'1D': 12.532244850187265}, {'7D': 12.532244850187265}, {'30D': 12.532244850187265}]"
6wjPBKoZtsuvQjuh1HtgohhTBj1wL3xmfTVxYojaZb1Q,"[{'1D': 3556.706892629521}, {'7D': 6243.54830759933}, {'30D': 16755.30424632616}]","[{'1D': 0}, {'7D': 0}, {'30D': -669.5085832694506}]","[{'1D': 3556.706892629521}, {'7D': 6243.54830759933}, {'30D': 16085.795663056706}]","[{'1D': ['realized_roi']}, {'7D': ['realized_roi']}, {'30D': ['realized_roi']}]","[{'1D': 0}, {'7D': 0}, {'30D': 100}]","[{'1D': 636.7763748950025}, {'7D': 69.74509019730908}, {'30D': 1.200435745230601}]","[{'1D': 100}, {'7D': 66.66666666666666}, {'30D': 64.70588235294117}]","[{'1D': 1}, {'7D': 9}, {'30D': 51}]","[{'1D': 0.06646534148827726}, {'7D': 0.06646534148827726}, {'30D': 0.06646534148827726}]"
77AeyLRLcrFb195Qve1bUxFHWYVVvGRQDLmNpSnrpfJP,"[{'1D': 60.391191399805855}, {'7D': 126.51694102595953}, {'30D': 2796.9979709166428}]","[{'1D': 0}, {'7D': 0}, {'30D': 0}]","[{'1D': 60.391191399805855}, {'7D': 126.51694102595953}, {'30D': 2796.9979709166428}]","[{'1D': ['realized_roi']}, {'7D': ['realized_roi']}, {'30D': ['realized_roi']}]","[{'1D': 0}, {'7D': 0}, {'30D': 0}]","[{'1D': 15.972720890180753}, {'7D': 90.68032110137888}, {'30D': 0.2938524103192975}]","[{'1D': 100}, {'7D': 53.333333333333336}, {'30D': 70.58823529411765}]","[{'1D': 1}, {'7D': 15}, {'30D': 34}]","[{'1D': 0.017491396263520156}, {'7D': 0.017491396263520156}, {'30D': 0.017491396263520156}]"
Cum1XEeZomAsPyC3Utah5c16gqK6CDnFz2fVAyvc3wvy,"[{'1D': -340.92876450359915}, {'7D': 7063.118729985502}, {'30D': 44827.912414439896}]","[{'1D': 0}, {'7D': 0}, {'30D': 17.076520775629927}]","[{'1D': -340.92876450359915}, {'7D': 7063.118729985502}, {'30D': 44844.98893521553}]","[{'1D': ['realized_roi']}, {'7D': ['realized_roi']}, {'30D': ['realized_roi']}]","[{'1D': 0}, {'7D': 0}, {'30D': 77.51029295823632}]","[{'1D': -100}, {'7D': 51.93700895530259}, {'30D': 11.742900887383684}]","[{'1D': 0}, {'7D': 50}, {'30D': 66.66666666666666}]","[{'1D': 2}, {'7D': 24}, {'30D': 87}]","[{'1D': 5.304807060755336}, {'7D': 5.304807060755336}, {'30D': 5.304807060755336}]"
74v4RXALnMLXJNzrAUKqRrVMepV88PsmBt6KqN7XqFAA,"[{'1D': 340.99639347582604}, {'7D': 25558.426715567144}, {'30D': 36231.45102435458}]","[{'1D': -717.7504383111382}, {'7D': -72.99263579298878}, {'30D': 14316.138748421152}]","[{'1D': -376.75404483531213}, {'7D': 25485.43407977416}, {'30D': 50547.58977277574}]","[{'1D': ['realized_roi']}, {'7D': ['realized_roi']}, {'30D': ['realized_roi']}]","[{'1D': 86.9679872419892}, {'7D': 53.39512235107273}, {'30D': 391.75779101335644}]","[{'1D': -100}, {'7D': 22.798290999492774}, {'30D': 49.40725922207072}]","[{'1D': 50}, {'7D': 73.33333333333333}, {'30D': 74.28571428571429}]","[{'1D': 8}, {'7D': 30}, {'30D': 35}]","[{'1D': 7.523285256410256}, {'7D': 7.523285256410256}, {'30D': 7.523285256410256}]"
Bi1FW5sRmhfQhdVKUo4GoosGbBTVTsHPP3X8A8VfS7Bx,"[{'1D': 0}, {'7D': 466.44500183313255}, {'30D': 2741.715829062745}]","[{'1D': 0}, {'7D': 0}, {'30D': 0}]","[{'1D': 0}, {'7D': 466.44500183313255}, {'30D': 2741.715829062745}]","[{'1D': ['realized_roi']}, {'7D': ['realized_roi']}, {'30D': ['realized_roi']}]","[{'1D': 0}, {'7D': 0}, {'30D': 0}]","[{'1D': 0}, {'7D': 67.18422594741426}, {'30D': 2.8545101959340213}]","[{'1D': 0}, {'7D': 80}, {'30D': 75.75757575757575}]","[{'1D': 0}, {'7D': 15}, {'30D': 33}]","[{'1D': 0.021364379084967317}, {'7D': 0.021364379084967317}, {'30D': 0.021364379084967317}]"
9rXMLszM1ygcv24TDWF3LKkHHkxeAoMExxT9zsFTEKZx,"[{'1D': 856.0226671416001}, {'7D': 8678.67173807144}, {'30D': 8678.67173807144}]","[{'1D': 0}, {'7D': 0}, {'30D': 0}]","[{'1D': 856.0226671416001}, {'7D': 8678.67173807144}, {'30D': 8678.67173807144}]","[{'1D': ['realized_roi']}, {'7D': ['realized_roi']}, {'30D': ['realized_roi']}]","[{'1D': 0}, {'7D': 0}, {'30D': 0}]","[{'1D': 238.64576634919516}, {'7D': 7.409883236918828}, {'30D': 7.409883236918828}]","[{'1D': 100}, {'7D': 81.57894736842105}, {'30D': 81.57894736842105}]","[{'1D': 1}, {'7D': 38}, {'30D': 38}]","[{'1D': 0.8356842818428184}, {'7D': 0.8356842818428184}, {'30D': 0.8356842818428184}]"
6X1jSkx7uDssCkm2PfXAWpvqT7s8ydt4663HF6YNLVZN,"[{'1D': 33.91446115523173}, {'7D': 280.77133195753294}, {'30D': 2810.2652229680184}]","[{'1D': 0}, {'7D': 0}, {'30D': 0}]","[{'1D': 33.91446115523173}, {'7D': 280.77133195753294}, {'30D': 2810.2652229680184}]","[{'1D': ['realized_roi']}, {'7D': ['realized_roi']}, {'30D': ['realized_roi']}]","[{'1D': 0}, {'7D': 0}, {'30D': 0}]","[{'1D': 71.00432053062453}, {'7D': 83.82484716946276}, {'30D': 8.760603058342133}]","[{'1D': 100}, {'7D': 55.55555555555556}, {'30D': 69.44444444444444}]","[{'1D': 1}, {'7D': 18}, {'30D': 36}]","[{'1D': 0.018822222222222226}, {'7D': 0.018822222222222226}, {'30D': 0.018822222222222226}]"
8uDrHzQLY5cWbEzXPs9uSV9JiFXVuWRt9jqD8HqnzTm8,"[{'1D': -56.72238866420355}, {'7D': -810.4024303176308}, {'30D': 56721.70969573226}]","[{'1D': 0}, {'7D': 0}, {'30D': 17593.66116495752}]","[{'1D': -56.72238866420355}, {'7D': -810.4024303176308}, {'30D': 74315.3708606898}]","[{'1D': ['realized_roi']}, {'7D': ['realized_roi']}, {'30D': ['realized_roi']}]","[{'1D': 0}, {'7D': 0}, {'30D': 405.296306927631}]","[{'1D': -100}, {'7D': -100}, {'30D': 26.68776393005649}]","[{'1D': 33.33333333333333}, {'7D': 33.33333333333333}, {'30D': 60.60606060606061}]","[{'1D': 3}, {'7D': 12}, {'30D': 99}]","[{'1D': 5.905536747685185}, {'7D': 5.905536747685185}, {'30D': 5.905536747685185}]"
7ApjVzSa4eWsH7hi5aCwPjbo1k2cw9unV2vy4VQZuL7K,"[{'1D': 58.6401133289877}, {'7D': 330.14332731781695}, {'30D': 2870.5711241897634}]","[{'1D': 0}, {'7D': 0}, {'30D': 0}]","[{'1D': 58.6401133289877}, {'7D': 330.14332731781695}, {'30D': 2870.5711241897634}]","[{'1D': ['realized_roi']}, {'7D': ['realized_roi']}, {'30D': ['realized_roi']}]","[{'1D': 0}, {'7D': 0}, {'30D': 0}]","[{'1D': 22.46560987953594}, {'7D': 80.53117850975218}, {'30D': 12.043151622667322}]","[{'1D': 100}, {'7D': 66.66666666666666}, {'30D': 67.56756756756756}]","[{'1D': 1}, {'7D': 18}, {'30D': 37}]","[{'1D': 0.017757757757757755}, {'7D': 0.017757757757757755}, {'30D': 0.017757757757757755}]"
EJDooYfU9MnTDeFEL7nANui5KqFDuCUQCcThvcwFqvR8,"[{'1D': 71.76354318365452}, {'7D': 201.6584998518683}, {'30D': 2202.48837847611}]","[{'1D': 0}, {'7D': 0}, {'30D': 0}]","[{'1D': 71.76354318365452}, {'7D': 201.6584998518683}, {'30D': 2202.48837847611}]","[{'1D': ['realized_roi']}, {'7D': ['realized_roi']}, {'30D': ['realized_roi']}]","[{'1D': 0}, {'7D': 0}, {'30D': 0}]","[{'1D': 20.10132080448631}, {'7D': 85.45701303815324}, {'30D': 14.762865080779964}]","[{'1D': 100}, {'7D': 60}, {'30D': 66.66666666666666}]","[{'1D': 1}, {'7D': 15}, {'30D': 30}]","[{'1D': 0.017084826762246118}, {'7D': 0.017084826762246118}, {'30D': 0.017084826762246118}]"
TERM87YPiM5mVqHS2tz1zuXv6dwM6YjeSSRVW3xiW8j,"[{'1D': 0}, {'7D': 4081.814013491142}, {'30D': 146200.44158903827}]","[{'1D': 0}, {'7D': 0}, {'30D': 8660.404670879981}]","[{'1D': 0}, {'7D': 4081.814013491142}, {'30D': 154860.84625991824}]","[{'1D': ['realized_roi']}, {'7D': ['realized_roi']}, {'30D': ['realized_roi']}]","[{'1D': 0}, {'7D': 0}, {'30D': 56.70463864281521}]","[{'1D': 0}, {'7D': 191.92354739378078}, {'30D': 159.4722568525485}]","[{'1D': 0}, {'7D': 100}, {'30D': 85.71428571428571}]","[{'1D': 0}, {'7D': 3}, {'30D': 49}]","[{'1D': 0.652874149659864}, {'7D': 0.652874149659864}, {'30D': 0.652874149659864}]"
